,web_name,name,singular_name,now_cost,total_points,influence,creativity,threat,ict_index,clean_sheets,expected_goals,expected_assists,expected_goal_involvements,expected_goals_conceded,expected_goals_per_90,expected_assists_per_90,expected_goal_involvements_per_90,expected_goals_conceded_per_90,goals_conceded_per_90,starts_per_90,clean_sheets_per_90
1,G.Jesus,Arsenal,Forward,66.0,42.0,154.4,119.5,255.0,52.6,2.0,3.05,0.52,3.57,5.82,0.46,0.08,0.54,0.87,0.75,0.9,0.3
2,Gabriel,Arsenal,Defender,63.0,94.0,496.4,170.8,272.0,94.0,7.0,2.56,1.03,3.59,19.52,0.12,0.05,0.17,0.93,0.95,1.04,0.33
3,Havertz,Arsenal,Forward,78.0,96.0,467.2,257.0,701.0,142.6,7.0,9.39,1.63,11.02,19.0,0.46,0.08,0.54,0.93,0.98,1.03,0.34
5,J.Timber,Arsenal,Defender,56.0,73.0,276.2,221.9,187.0,68.3,7.0,0.75,1.01,1.76,15.51,0.04,0.05,0.09,0.8,0.82,1.03,0.36
6,Jorginho,Arsenal,Midfielder,47.0,13.0,35.8,64.7,3.0,10.4,1.0,0.04,0.47,0.51,4.27,0.01,0.09,0.1,0.84,0.99,1.18,0.2
7,Kiwior,Arsenal,Defender,48.0,13.0,49.2,13.7,0.0,6.3,1.0,0.0,0.03,0.03,4.45,0.0,0.01,0.01,1.24,1.39,0.56,0.28
8,Martinelli,Arsenal,Midfielder,67.0,89.0,389.4,356.9,570.0,131.6,7.0,4.04,2.96,7.0,14.75,0.25,0.18,0.43,0.91,0.93,0.99,0.43
9,Nwaneri,Arsenal,Midfielder,45.0,30.0,136.8,82.3,80.0,29.9,0.0,0.56,0.43,0.99,2.04,0.18,0.14,0.32,0.65,0.32,0.96,0.0
10,Ødegaard,Arsenal,Midfielder,82.0,60.0,278.6,497.7,277.0,105.6,6.0,3.12,3.33,6.45,10.59,0.22,0.23,0.45,0.74,0.77,1.05,0.42
11,Raya,Arsenal,Goalkeeper,55.0,93.0,502.6,0.0,0.0,50.3,8.0,0.0,0.01,0.01,21.2,0.0,0.0,0.0,0.88,0.92,1.0,0.33
12,Rice,Arsenal,Midfielder,62.0,69.0,418.6,620.2,198.0,123.2,6.0,1.47,4.03,5.5,16.13,0.08,0.21,0.29,0.83,1.04,1.04,0.31
13,Saka,Arsenal,Midfielder,102.0,107.0,516.2,630.0,604.0,174.9,6.0,4.17,5.6,9.77,10.52,0.3,0.4,0.7,0.75,0.92,1.14,0.43
14,Saliba,Arsenal,Defender,62.0,87.0,425.4,79.8,89.0,59.7,8.0,1.88,0.8,2.68,17.52,0.09,0.04,0.13,0.82,0.84,1.03,0.38
15,Thomas,Arsenal,Midfielder,49.0,76.0,436.6,255.9,136.0,83.1,5.0,1.53,1.59,3.12,19.34,0.07,0.08,0.15,0.94,0.97,0.97,0.24
16,Tierney,Arsenal,Defender,43.0,2.0,2.2,11.0,2.0,1.6,0.0,0.0,0.23,0.23,0.21,0.0,1.29,1.29,1.18,0.0,0.0,0.0
17,Tomiyasu,Arsenal,Defender,48.0,1.0,0.4,0.3,9.0,1.0,0.0,0.18,0.0,0.18,0.04,2.7,0.0,2.7,0.6,0.0,0.0,0.0
18,Trossard,Arsenal,Midfielder,68.0,85.0,361.6,363.9,402.0,112.6,6.0,3.23,2.46,5.69,12.48,0.2,0.15,0.35,0.77,0.99,0.99,0.37
19,White,Arsenal,Defender,61.0,27.0,128.4,55.3,29.0,21.3,3.0,0.13,0.32,0.45,9.87,0.02,0.04,0.06,1.28,0.91,0.91,0.39
20,Zinchenko,Arsenal,Defender,48.0,17.0,22.2,26.5,23.0,7.2,2.0,0.06,0.08,0.14,1.82,0.02,0.03,0.05,0.69,0.0,0.76,0.76
21,Neto,Arsenal,Goalkeeper,41.0,7.0,77.8,0.0,0.0,7.8,0.0,0.0,0.0,0.0,2.91,0.0,0.0,0.0,1.46,1.0,1.0,0.0
22,Sterling,Arsenal,Midfielder,67.0,12.0,35.8,47.4,79.0,16.0,0.0,0.88,0.15,1.03,1.9,0.37,0.06,0.43,0.8,0.85,1.27,0.0
23,Calafiori,Arsenal,Defender,58.0,34.0,233.0,85.2,142.0,46.0,1.0,0.67,0.56,1.23,8.09,0.08,0.07,0.15,0.97,1.2,0.96,0.12
24,Lewis-Skelly,Arsenal,Midfielder,45.0,17.0,103.6,67.1,29.0,19.9,2.0,0.04,0.21,0.25,5.55,0.01,0.03,0.04,0.91,1.15,1.15,0.33
25,Merino,Arsenal,Midfielder,60.0,39.0,203.6,133.3,225.0,56.1,2.0,2.24,0.7,2.94,7.12,0.27,0.08,0.35,0.84,1.07,0.95,0.24
32,Arteta,Arsenal,Manager,15.0,20.0,0.0,0.0,0.0,0.0,0.0,0.0,0.0,0.0,0.0,0.0,0.0,0.0,0.0,0.0,0.0,0.0
34,Bailey,Aston Villa,Midfielder,62.0,44.0,136.6,231.6,268.0,63.4,2.0,1.45,2.87,4.32,11.64,0.13,0.25,0.38,1.02,1.4,1.14,0.18
35,Barkley,Aston Villa,Midfielder,52.0,40.0,203.4,115.5,185.0,50.3,1.0,1.68,0.41,2.09,5.36,0.28,0.07,0.35,0.89,1.49,0.5,0.17
37,Buendia,Aston Villa,Midfielder,51.0,11.0,16.4,23.2,16.0,5.2,0.0,0.65,0.03,0.68,2.27,0.66,0.03,0.69,2.3,2.02,0.0,0.0
38,Cash,Aston Villa,Defender,44.0,38.0,233.4,120.0,98.0,45.2,2.0,0.22,0.96,1.18,17.63,0.02,0.07,0.09,1.26,1.22,1.07,0.14
41,Diego Carlos,Aston Villa,Defender,45.0,21.0,150.6,9.2,54.0,21.5,2.0,0.64,0.08,0.72,11.88,0.07,0.01,0.08,1.29,1.63,0.87,0.22
42,Digne,Aston Villa,Defender,46.0,63.0,396.2,467.3,103.0,96.8,3.0,0.77,2.97,3.74,24.93,0.04,0.15,0.19,1.27,1.47,1.07,0.15
44,Duran,Aston Villa,Forward,57.0,53.0,273.8,68.9,334.0,67.5,2.0,5.11,0.24,5.35,9.94,0.74,0.03,0.77,1.44,2.03,0.58,0.29
48,Kamara,Aston Villa,Midfielder,50.0,28.0,203.8,106.2,34.0,34.5,2.0,0.27,0.31,0.58,14.66,0.02,0.03,0.05,1.28,1.57,1.05,0.17
50,Konsa,Aston Villa,Defender,44.0,50.0,331.4,81.6,81.0,49.4,2.0,0.59,0.41,1.0,26.78,0.03,0.02,0.05,1.27,1.61,1.04,0.09
51,Maatsen,Aston Villa,Defender,45.0,19.0,110.2,190.6,92.0,39.4,0.0,0.17,1.43,1.6,6.48,0.03,0.29,0.32,1.31,1.82,0.61,0.0
53,Martinez,Aston Villa,Goalkeeper,50.0,65.0,533.4,0.0,0.0,53.4,3.0,0.0,0.01,0.01,29.4,0.0,0.0,0.0,1.25,1.53,1.02,0.13
54,McGinn,Aston Villa,Midfielder,52.0,44.0,138.0,336.2,159.0,63.2,3.0,1.89,1.96,3.85,19.54,0.13,0.13,0.26,1.29,1.59,1.12,0.2
55,Mings,Aston Villa,Defender,44.0,16.0,104.2,26.7,20.0,15.1,1.0,0.21,0.06,0.27,4.93,0.04,0.01,0.05,0.95,0.96,0.96,0.19
56,Nedeljkovic,Aston Villa,Defender,39.0,5.0,22.8,7.2,0.0,3.0,0.0,0.0,0.02,0.02,2.23,0.0,0.01,0.01,1.66,2.98,0.0,0.0
57,Olsen,Aston Villa,Goalkeeper,45.0,1.0,17.6,0.0,0.0,1.8,0.0,0.0,0.0,0.0,0.79,0.0,0.0,0.0,1.58,2.0,0.0,0.0
58,Pau,Aston Villa,Defender,42.0,32.0,261.2,55.5,94.0,41.2,2.0,0.51,0.34,0.85,22.52,0.03,0.02,0.05,1.31,1.68,1.05,0.12
59,Ramsey,Aston Villa,Midfielder,54.0,41.0,165.2,170.0,158.0,49.6,1.0,1.19,1.54,2.73,14.6,0.11,0.14,0.25,1.32,1.8,0.99,0.09
60,Rogers,Aston Villa,Midfielder,56.0,97.0,421.0,428.4,404.0,125.5,4.0,3.67,3.05,6.72,25.72,0.17,0.14,0.31,1.22,1.33,1.09,0.19
63,Tielemans,Aston Villa,Midfielder,55.0,66.0,471.6,694.8,152.0,131.9,3.0,2.19,4.33,6.52,26.83,0.1,0.19,0.29,1.18,1.41,1.06,0.13
64,Watkins,Aston Villa,Forward,89.0,116.0,487.0,257.9,784.0,151.2,6.0,11.24,1.39,12.63,22.29,0.62,0.08,0.7,1.22,1.59,1.1,0.33
65,Disasi,Aston Villa,Defender,42.0,22.0,86.4,34.1,36.0,15.7,2.0,0.29,0.09,0.38,6.29,0.07,0.02,0.09,1.56,0.74,0.99,0.5
66,Onana,Aston Villa,Midfielder,48.0,41.0,229.2,107.2,180.0,51.8,2.0,1.85,0.25,2.1,17.71,0.15,0.02,0.17,1.48,1.75,1.17,0.17
67,Rashford,Aston Villa,Midfielder,66.0,54.0,238.8,254.7,194.0,68.9,5.0,1.6,1.36,2.96,14.79,0.15,0.13,0.28,1.37,0.83,1.11,0.46
68,Bogarde,Aston Villa,Defender,40.0,4.0,55.6,31.4,11.0,9.8,0.0,0.04,0.12,0.16,4.45,0.01,0.03,0.04,1.15,1.81,1.03,0.0
74,Malen,Aston Villa,Midfielder,55.0,2.0,12.4,3.0,37.0,5.3,0.0,0.23,0.01,0.24,0.64,0.3,0.01,0.31,0.82,2.57,0.0,0.0
75,A. Garcia,Aston Villa,Defender,45.0,1.0,1.4,2.0,0.0,0.3,0.0,0.0,0.01,0.01,1.44,0.0,0.02,0.02,2.88,2.0,2.0,0.0
76,Emery,Aston Villa,Manager,8.0,4.0,0.0,0.0,0.0,0.0,0.0,0.0,0.0,0.0,0.0,0.0,0.0,0.0,0.0,0.0,0.0,0.0
78,Aarons,Bournemouth,Defender,43.0,8.0,13.2,3.2,0.0,1.7,1.0,0.0,0.01,0.01,0.28,0.0,0.01,0.01,0.3,0.0,1.07,1.07
79,Adams,Bournemouth,Midfielder,49.0,32.0,221.0,108.9,41.0,37.2,3.0,0.79,0.22,1.01,13.99,0.08,0.02,0.1,1.46,1.46,0.94,0.31
81,Brooks,Bournemouth,Midfielder,49.0,36.0,145.6,186.3,202.0,52.7,1.0,1.63,1.4,3.03,9.84,0.26,0.22,0.48,1.58,1.12,0.96,0.16
82,Christie,Bournemouth,Midfielder,49.0,56.0,390.6,438.1,211.0,104.2,8.0,1.68,2.22,3.9,24.95,0.09,0.11,0.2,1.28,1.13,1.08,0.41
83,Cook,Bournemouth,Midfielder,50.0,59.0,415.0,541.9,78.0,103.5,4.0,0.6,2.79,3.39,29.19,0.03,0.13,0.16,1.35,1.21,0.97,0.19
84,Enes Ünal,Bournemouth,Forward,54.0,32.0,104.0,56.1,207.0,35.9,2.0,2.73,0.26,2.99,6.38,0.74,0.07,0.81,1.74,0.82,0.55,0.55
87,Hill,Bournemouth,Defender,39.0,13.0,36.8,23.7,1.0,6.2,1.0,0.01,0.19,0.2,2.91,0.01,0.1,0.11,1.49,1.53,1.53,0.51
88,Jebbison,Bournemouth,Forward,45.0,5.0,14.6,33.9,32.0,8.1,0.0,0.21,0.12,0.33,1.38,0.36,0.2,0.56,2.34,1.7,0.0,0.0
89,Kerkez,Bournemouth,Defender,49.0,90.0,450.8,372.5,133.0,95.7,6.0,0.44,1.75,2.19,31.12,0.02,0.08,0.1,1.34,1.21,1.03,0.26
90,Kluivert,Bournemouth,Midfielder,59.0,123.0,561.2,374.0,607.0,154.4,10.0,8.74,1.84,10.58,21.13,0.51,0.11,0.62,1.24,1.06,1.12,0.59
92,O.Dango,Bournemouth,Midfielder,51.0,86.0,479.8,295.8,484.0,125.7,5.0,5.87,2.28,8.15,19.49,0.43,0.17,0.6,1.42,0.87,0.87,0.36
94,Philip,Bournemouth,Midfielder,48.0,10.0,54.0,102.4,47.0,20.4,0.0,0.55,0.97,1.52,3.35,0.28,0.5,0.78,1.71,2.05,0.51,0.0
95,Scott,Bournemouth,Midfielder,47.0,11.0,71.0,65.5,21.0,15.8,1.0,0.12,0.17,0.29,3.67,0.04,0.06,0.1,1.28,1.05,0.7,0.35
96,Semenyo,Bournemouth,Midfielder,56.0,102.0,510.2,412.0,869.0,178.4,7.0,7.02,3.17,10.19,28.96,0.31,0.14,0.45,1.29,1.12,1.03,0.31
97,Senesi,Bournemouth,Defender,46.0,21.0,221.0,78.7,29.0,33.1,1.0,0.81,0.44,1.25,12.04,0.08,0.04,0.12,1.18,1.47,1.08,0.1
98,Sinisterra,Bournemouth,Midfielder,48.0,19.0,98.4,96.3,177.0,37.2,0.0,1.09,0.91,2.0,3.48,0.48,0.4,0.88,1.54,1.33,0.44,0.0
99,Smith,Bournemouth,Defender,44.0,34.0,116.2,62.2,8.0,18.6,3.0,0.6,0.1,0.7,12.51,0.05,0.01,0.06,1.09,1.13,1.05,0.26
100,Tavernier,Bournemouth,Midfielder,54.0,56.0,283.4,452.2,285.0,102.0,3.0,4.38,2.18,6.56,14.52,0.34,0.17,0.51,1.12,1.31,1.0,0.23
101,Travers,Bournemouth,Goalkeeper,44.0,19.0,146.4,0.0,0.0,14.6,1.0,0.0,0.01,0.01,7.36,0.0,0.0,0.0,1.47,1.0,1.0,0.2
102,Zabarnyi,Bournemouth,Defender,44.0,64.0,457.8,133.5,44.0,63.8,6.0,0.81,0.4,1.21,31.44,0.03,0.02,0.05,1.31,1.17,1.0,0.25
103,Arrizabalaga,Bournemouth,Goalkeeper,45.0,64.0,465.4,10.1,0.0,47.4,5.0,0.0,0.0,0.0,21.17,0.0,0.0,0.0,1.25,1.24,1.0,0.29
104,Huijsen,Bournemouth,Defender,44.0,65.0,432.6,132.9,123.0,68.9,5.0,1.41,0.82,2.23,20.03,0.1,0.06,0.16,1.45,0.94,0.94,0.36
105,J.Araujo,Bournemouth,Defender,43.0,8.0,40.0,7.9,2.0,5.1,0.0,0.0,0.04,0.04,6.95,0.0,0.01,0.01,1.78,1.79,1.28,0.0
107,Evanilson,Bournemouth,Forward,56.0,78.0,243.6,202.1,573.0,101.5,8.0,6.46,1.3,7.76,16.85,0.42,0.09,0.51,1.11,1.18,1.12,0.53
109,Winterburn,Bournemouth,Midfielder,45.0,2.0,0.2,0.0,0.0,0.0,0.0,0.0,0.0,0.0,0.0,0.0,0.0,0.0,0.0,0.0,0.0,0.0
111,Rees-Dottin,Bournemouth,Forward,45.0,1.0,0.0,0.0,0.0,0.0,0.0,0.0,0.0,0.0,0.0,0.0,0.0,0.0,0.0,0.0,0.0,0.0
117,Silcott-Duberry,Bournemouth,Midfielder,45.0,1.0,2.0,1.0,0.0,0.3,0.0,0.0,0.0,0.0,0.04,0.0,0.0,0.0,3.6,0.0,0.0,0.0
118,Iraola,Bournemouth,Manager,11.0,13.0,0.0,0.0,0.0,0.0,0.0,0.0,0.0,0.0,0.0,0.0,0.0,0.0,0.0,0.0,0.0,0.0
119,Ajer,Brentford,Defender,44.0,11.0,103.2,69.6,95.0,26.8,0.0,0.57,0.32,0.89,13.52,0.06,0.04,0.1,1.54,1.82,1.14,0.0
121,Collins,Brentford,Defender,45.0,72.0,656.8,114.5,233.0,100.5,3.0,2.12,1.18,3.3,40.13,0.09,0.05,0.14,1.67,1.75,1.0,0.12
122,Damsgaard,Brentford,Midfielder,50.0,90.0,526.4,639.4,242.0,140.8,6.0,2.1,3.95,6.05,32.21,0.11,0.2,0.31,1.62,1.46,1.05,0.3
124,Flekken,Brentford,Goalkeeper,44.0,70.0,865.0,10.1,0.0,87.2,2.0,0.0,0.07,0.07,38.64,0.0,0.0,0.0,1.73,1.79,1.03,0.09
125,Henry,Brentford,Defender,43.0,1.0,1.0,0.3,0.0,0.1,0.0,0.0,0.0,0.0,0.26,0.0,0.0,0.0,7.8,0.0,0.0,0.0
127,Janelt,Brentford,Midfielder,49.0,58.0,303.2,247.9,108.0,65.8,4.0,0.65,2.11,2.76,30.74,0.03,0.11,0.14,1.61,1.73,1.05,0.21
128,Jensen,Brentford,Midfielder,53.0,26.0,101.8,192.0,28.0,32.4,2.0,0.23,1.13,1.36,12.71,0.03,0.15,0.18,1.64,1.81,1.03,0.26
129,Ji-soo,Brentford,Defender,39.0,2.0,4.8,0.8,0.0,0.6,0.0,0.0,0.0,0.0,0.32,0.0,0.0,0.0,1.07,0.0,0.0,0.0
130,Konak,Brentford,Midfielder,44.0,5.0,1.4,1.6,3.0,0.4,0.0,0.15,0.0,0.15,1.22,0.71,0.0,0.71,5.78,9.47,0.0,0.0
131,Lewis-Potter,Brentford,Midfielder,50.0,63.0,345.8,254.0,300.0,90.1,4.0,2.17,3.15,5.32,36.31,0.1,0.15,0.25,1.7,1.74,1.03,0.19
132,Mbeumo,Brentford,Midfielder,79.0,149.0,815.8,702.1,652.0,217.2,4.0,8.14,5.48,13.62,39.22,0.34,0.23,0.57,1.64,1.67,1.0,0.17
133,Mee,Brentford,Defender,42.0,8.0,36.8,3.0,6.0,4.6,1.0,0.0,0.02,0.02,2.64,0.0,0.01,0.01,1.36,2.06,1.03,0.51
134,Nørgaard,Brentford,Midfielder,48.0,52.0,408.0,191.4,190.0,79.0,2.0,2.34,0.53,2.87,29.91,0.12,0.03,0.15,1.59,1.65,1.12,0.11
135,Onyeka,Brentford,Midfielder,49.0,2.0,0.0,0.5,0.0,0.0,0.0,0.0,0.02,0.02,0.69,0.0,0.08,0.08,2.7,0.0,0.0,0.0
137,Pinnock,Brentford,Defender,44.0,33.0,438.6,97.7,185.0,72.3,1.0,0.87,0.63,1.5,28.13,0.05,0.04,0.09,1.76,1.88,1.0,0.06
138,Roerslev,Brentford,Defender,43.0,36.0,214.4,185.8,78.0,48.0,2.0,0.2,2.09,2.29,21.52,0.02,0.17,0.19,1.76,1.64,0.9,0.16
139,Schade,Brentford,Midfielder,51.0,85.0,338.8,143.7,415.0,89.4,4.0,4.63,0.95,5.58,17.28,0.36,0.07,0.43,1.35,1.72,0.94,0.31
140,Thiago,Brentford,Forward,59.0,5.0,10.8,27.9,6.0,4.2,0.0,0.1,0.02,0.12,2.52,0.07,0.01,0.08,1.76,1.4,0.7,0.0
142,Valdimarsson,Brentford,Goalkeeper,39.0,2.0,21.4,0.1,0.0,2.1,0.0,0.0,0.0,0.0,1.49,0.0,0.0,0.0,0.93,1.25,0.62,0.0
143,Wissa,Brentford,Forward,63.0,103.0,469.6,226.7,621.0,131.0,4.0,11.09,1.22,12.31,29.11,0.6,0.07,0.67,1.58,1.63,1.08,0.22
144,Yarmoliuk,Brentford,Midfielder,44.0,22.0,133.0,89.8,46.0,26.8,0.0,0.54,0.35,0.89,16.35,0.08,0.05,0.13,2.4,2.35,0.88,0.0
146,Carvalho,Brentford,Midfielder,46.0,28.0,106.8,61.1,137.0,30.0,0.0,2.4,0.52,2.92,11.4,0.51,0.11,0.62,2.42,2.97,0.64,0.0
147,Van den Berg,Brentford,Defender,41.0,36.0,384.4,76.4,136.0,59.8,2.0,0.8,0.44,1.24,33.02,0.04,0.02,0.06,1.75,1.96,1.01,0.11
148,Trevitt,Brentford,Midfielder,44.0,1.0,2.6,0.1,0.0,0.3,0.0,0.0,0.0,0.0,0.0,0.0,0.0,0.0,0.0,0.0,0.0,0.0
150,Meghoma,Brentford,Defender,40.0,1.0,0.2,0.3,0.0,0.1,0.0,0.0,0.0,0.0,0.14,0.0,0.0,0.0,3.15,0.0,0.0,0.0
152,Maghoma,Brentford,Midfielder,45.0,5.0,15.4,4.2,4.0,2.3,0.0,0.0,0.03,0.03,0.85,0.0,0.04,0.04,1.03,0.0,0.0,0.0
154,Frank,Brentford,Manager,8.0,8.0,0.0,0.0,0.0,0.0,0.0,0.0,0.0,0.0,0.0,0.0,0.0,0.0,0.0,0.0,0.0,0.0
155,Kayode,Brentford,Defender,45.0,1.0,5.4,24.3,2.0,3.2,0.0,0.0,0.06,0.06,0.26,0.0,0.39,0.39,1.67,6.43,0.0,0.0
157,Adingra,Brighton,Midfielder,51.0,35.0,137.6,110.2,157.0,40.4,1.0,1.43,1.43,2.86,11.19,0.22,0.22,0.44,1.71,1.98,0.92,0.15
159,Baleba,Brighton,Midfielder,50.0,50.0,298.0,217.0,119.0,63.5,5.0,1.29,0.59,1.88,22.43,0.08,0.03,0.11,1.33,1.24,1.07,0.3
163,Dunk,Brighton,Defender,42.0,38.0,332.2,100.8,79.0,51.2,4.0,0.69,0.64,1.33,27.48,0.04,0.04,0.08,1.59,1.73,0.98,0.23
164,Estupiñan,Brighton,Defender,49.0,39.0,294.2,384.1,90.0,77.0,2.0,0.5,1.65,2.15,24.29,0.03,0.1,0.13,1.54,1.53,0.95,0.13
165,Gilmour,Brighton,Midfielder,50.0,3.0,11.4,11.9,2.0,2.5,0.0,0.08,0.04,0.12,1.32,0.07,0.04,0.11,1.22,0.93,0.93,0.0
167,Hinshelwood,Brighton,Midfielder,49.0,29.0,123.4,116.9,83.0,32.5,3.0,0.79,0.74,1.53,17.88,0.08,0.07,0.15,1.79,1.6,1.1,0.3
169,Igor,Brighton,Defender,43.0,17.0,182.2,40.5,4.0,22.7,1.0,0.05,0.23,0.28,15.26,0.0,0.02,0.02,1.53,1.6,0.9,0.1
170,João Pedro,Brighton,Forward,55.0,80.0,347.8,291.7,427.0,106.6,5.0,4.03,2.17,6.2,17.61,0.27,0.15,0.42,1.18,1.14,1.07,0.34
172,Lamptey,Brighton,Defender,44.0,26.0,156.6,77.8,38.0,27.2,0.0,0.35,0.37,0.72,10.87,0.06,0.06,0.12,1.9,3.31,1.05,0.0
173,March,Brighton,Midfielder,65.0,1.0,7.4,5.0,4.0,1.6,0.0,0.07,0.02,0.09,0.38,0.27,0.08,0.35,1.49,0.0,0.0,0.0
175,Milner,Brighton,Midfielder,50.0,5.0,28.6,66.3,12.0,10.7,1.0,0.16,0.15,0.31,1.98,0.09,0.08,0.17,1.05,0.53,1.6,0.53
176,Minteh,Brighton,Midfielder,50.0,49.0,234.6,233.0,265.0,73.5,1.0,2.43,2.84,5.27,13.62,0.26,0.31,0.57,1.48,1.95,0.87,0.11
177,Mitoma,Brighton,Midfielder,63.0,95.0,418.4,474.2,589.0,148.2,4.0,5.1,3.41,8.51,28.89,0.24,0.16,0.4,1.38,1.38,1.0,0.19
178,Moder,Brighton,Midfielder,44.0,4.0,15.8,36.0,2.0,5.4,0.0,0.0,0.53,0.53,0.26,0.0,5.3,5.3,2.6,0.0,0.0,0.0
182,Sarmiento,Brighton,Midfielder,49.0,1.0,0.2,0.8,0.0,0.1,0.0,0.0,0.0,0.0,0.0,0.0,0.0,0.0,0.0,0.0,0.0,0.0
183,Steele,Brighton,Goalkeeper,41.0,9.0,40.4,0.0,0.0,4.1,1.0,0.0,0.0,0.0,1.88,0.0,0.0,0.0,0.94,0.5,1.0,0.5
185,Van Hecke,Brighton,Defender,45.0,53.0,466.0,197.3,85.0,74.9,4.0,0.75,1.06,1.81,28.96,0.04,0.05,0.09,1.39,1.44,1.01,0.19
186,Veltman,Brighton,Defender,44.0,52.0,254.0,143.5,26.0,42.5,5.0,0.2,1.29,1.49,23.24,0.01,0.07,0.08,1.35,1.33,1.04,0.29
187,Verbruggen,Brighton,Goalkeeper,45.0,61.0,534.2,0.0,0.0,53.5,4.0,0.0,0.01,0.01,34.59,0.0,0.0,0.0,1.57,1.68,1.0,0.18
188,Webster,Brighton,Defender,43.0,9.0,45.2,4.7,21.0,7.0,1.0,0.02,0.07,0.09,4.41,0.01,0.04,0.05,2.41,2.18,1.64,0.55
189,Welbeck,Brighton,Forward,55.0,75.0,306.0,193.0,416.0,91.5,5.0,6.05,0.48,6.53,25.34,0.4,0.03,0.43,1.69,1.53,1.06,0.33
190,Wieffer,Brighton,Midfielder,47.0,28.0,144.0,80.3,57.0,27.8,1.0,0.5,0.18,0.68,9.7,0.1,0.03,0.13,1.88,2.33,0.78,0.19
191,Gruda,Brighton,Midfielder,54.0,14.0,57.8,128.7,90.0,27.6,1.0,0.27,0.5,0.77,6.3,0.07,0.12,0.19,1.57,2.24,1.24,0.25
192,Ayari,Brighton,Midfielder,50.0,36.0,193.6,318.9,161.0,67.3,5.0,1.45,1.29,2.74,18.98,0.1,0.09,0.19,1.35,1.07,1.0,0.36
195,Georginio,Brighton,Midfielder,51.0,72.0,265.0,206.6,327.0,78.7,4.0,3.4,1.32,4.72,23.67,0.24,0.09,0.33,1.69,1.78,1.0,0.29
196,F.Kadıoğlu,Brighton,Defender,44.0,19.0,116.4,83.7,40.0,24.0,2.0,0.44,0.31,0.75,9.44,0.1,0.07,0.17,2.21,1.87,1.17,0.47
197,O'Riley,Brighton,Midfielder,55.0,24.0,105.4,156.5,113.0,37.5,2.0,1.15,1.24,2.39,7.8,0.22,0.24,0.46,1.52,2.14,0.97,0.39
202,Gómez,Brighton,Midfielder,55.0,2.0,7.6,3.9,0.0,1.1,0.0,0.0,0.02,0.02,2.42,0.0,0.04,0.04,4.73,7.83,0.0,0.0
208,B.Badiashile,Chelsea,Defender,42.0,5.0,48.2,8.8,0.0,5.7,0.0,0.0,0.06,0.06,4.63,0.0,0.02,0.02,1.69,1.46,0.73,0.0
211,Caicedo,Chelsea,Midfielder,49.0,63.0,427.4,383.4,63.0,87.4,5.0,0.55,1.7,2.25,32.88,0.02,0.07,0.09,1.39,1.27,1.02,0.21
213,Chalobah,Chelsea,Defender,44.0,64.0,365.2,86.1,160.0,61.4,3.0,1.34,0.54,1.88,19.27,0.1,0.04,0.14,1.4,1.23,1.02,0.22
215,Colwill,Chelsea,Defender,44.0,49.0,406.2,144.7,71.0,62.3,4.0,0.51,1.08,1.59,31.33,0.02,0.05,0.07,1.42,1.32,1.0,0.18
216,Cucurella,Chelsea,Defender,51.0,59.0,316.8,224.3,163.0,70.6,3.0,1.55,1.74,3.29,27.09,0.08,0.09,0.17,1.35,1.3,1.0,0.15
219,Dewsbury-Hall,Chelsea,Midfielder,55.0,11.0,32.8,29.1,19.0,8.1,0.0,0.22,0.19,0.41,1.76,0.15,0.13,0.28,1.2,2.05,0.68,0.0
220,Enzo,Chelsea,Midfielder,48.0,74.0,432.4,631.8,253.0,132.0,3.0,2.73,3.81,6.54,24.69,0.15,0.2,0.35,1.32,1.33,0.96,0.16
223,Gusto,Chelsea,Defender,49.0,32.0,232.4,249.4,111.0,59.5,1.0,1.23,1.18,2.41,20.36,0.09,0.08,0.17,1.41,1.32,0.97,0.07
224,James,Chelsea,Defender,48.0,20.0,125.0,109.7,16.0,25.1,0.0,0.16,0.53,0.69,9.33,0.03,0.1,0.13,1.74,1.68,1.12,0.0
226,Lavia,Chelsea,Midfielder,45.0,15.0,90.4,99.8,5.0,19.6,1.0,0.18,0.3,0.48,10.96,0.03,0.05,0.08,1.86,1.7,1.36,0.17
229,Madueke,Chelsea,Midfielder,61.0,99.0,412.4,343.0,795.0,155.1,3.0,7.53,2.13,9.66,23.7,0.47,0.13,0.6,1.49,1.45,1.13,0.19
230,Marc Guiu,Chelsea,Forward,47.0,3.0,4.4,11.8,6.0,2.2,0.0,0.0,0.02,0.02,1.28,0.0,0.03,0.03,1.62,2.54,0.0,0.0
231,Mudryk,Chelsea,Midfielder,61.0,7.0,23.2,31.5,31.0,8.5,0.0,0.24,0.66,0.9,3.28,0.15,0.41,0.56,2.04,1.24,0.62,0.0
232,N.Jackson,Chelsea,Forward,78.0,108.0,501.6,317.7,856.0,167.9,8.0,10.72,1.66,12.38,24.03,0.56,0.09,0.65,1.25,0.99,1.14,0.41
233,Nkunku,Chelsea,Midfielder,57.0,38.0,139.6,119.3,186.0,44.2,0.0,4.24,0.39,4.63,10.76,0.86,0.08,0.94,2.17,2.22,0.61,0.0
234,Palmer,Chelsea,Midfielder,112.0,173.0,844.4,922.4,728.0,249.7,4.0,11.81,6.84,18.65,31.87,0.51,0.29,0.8,1.37,1.29,1.03,0.17
236,Renato Veiga,Chelsea,Midfielder,44.0,7.0,30.4,9.2,19.0,5.9,1.0,0.16,0.15,0.31,3.17,0.08,0.08,0.16,1.62,1.02,0.51,0.51
237,Sánchez,Chelsea,Goalkeeper,47.0,74.0,554.6,0.0,0.0,55.3,4.0,0.0,0.01,0.01,29.75,0.0,0.0,0.0,1.42,1.29,1.0,0.19
238,Tosin,Chelsea,Defender,42.0,32.0,207.2,23.0,70.0,30.2,2.0,0.81,0.11,0.92,12.87,0.09,0.01,0.1,1.41,1.1,0.99,0.22
239,W.Fofana,Chelsea,Defender,44.0,19.0,187.2,70.0,29.0,28.7,1.0,0.4,0.15,0.55,13.99,0.04,0.01,0.05,1.24,1.06,1.06,0.09
240,Sancho,Chelsea,Midfielder,62.0,57.0,233.4,313.5,247.0,79.2,2.0,1.5,2.22,3.72,17.57,0.12,0.18,0.3,1.43,1.38,1.06,0.16
241,Neto,Chelsea,Midfielder,62.0,47.0,223.0,328.9,248.0,80.0,2.0,1.09,2.03,3.12,16.64,0.09,0.16,0.25,1.33,1.04,0.88,0.16
243,Jørgensen,Chelsea,Goalkeeper,42.0,8.0,88.4,0.0,0.0,8.9,0.0,0.0,0.0,0.0,4.26,0.0,0.0,0.0,1.42,1.33,1.0,0.0
244,João Félix,Chelsea,Midfielder,59.0,24.0,88.0,95.4,141.0,32.3,1.0,2.3,0.45,2.75,5.96,0.57,0.11,0.68,1.48,0.99,0.75,0.25
247,Acheampong,Chelsea,Defender,40.0,3.0,12.6,1.5,13.0,2.7,0.0,0.22,0.01,0.23,2.09,0.12,0.01,0.13,1.18,1.69,1.12,0.0
248,Maresca,Chelsea,Manager,15.0,9.0,0.0,0.0,0.0,0.0,0.0,0.0,0.0,0.0,0.0,0.0,0.0,0.0,0.0,0.0,0.0,0.0
250,Nketiah,Crystal Palace,Forward,59.0,26.0,70.4,118.8,214.0,39.9,1.0,1.77,0.52,2.29,9.0,0.26,0.08,0.34,1.31,1.6,0.87,0.15
253,C.Doucouré,Crystal Palace,Midfielder,49.0,19.0,58.6,25.7,23.0,10.8,1.0,0.4,0.11,0.51,7.53,0.08,0.02,0.1,1.53,1.22,0.81,0.2
254,C.Richards,Crystal Palace,Defender,44.0,34.0,219.6,29.6,63.0,31.4,4.0,0.23,0.08,0.31,16.08,0.02,0.01,0.03,1.48,1.29,1.01,0.37
255,Chadi Riad,Crystal Palace,Defender,43.0,1.0,18.2,1.3,0.0,2.0,0.0,0.0,0.02,0.02,1.39,0.0,0.02,0.02,1.39,2.0,1.0,0.0
256,Clyne,Crystal Palace,Defender,43.0,16.0,56.8,36.6,5.0,9.7,1.0,0.01,0.13,0.14,9.3,0.0,0.03,0.03,2.14,2.07,0.92,0.23
258,Eze,Crystal Palace,Midfielder,67.0,74.0,368.8,605.1,433.0,140.5,6.0,4.81,2.86,7.67,22.27,0.27,0.16,0.43,1.24,1.01,1.06,0.34
259,Guéhi,Crystal Palace,Defender,46.0,85.0,603.0,115.5,155.0,87.2,7.0,1.43,0.49,1.92,32.47,0.06,0.02,0.08,1.41,1.26,1.0,0.3
260,Henderson,Crystal Palace,Goalkeeper,45.0,86.0,544.0,10.0,4.0,55.7,7.0,0.01,0.02,0.03,33.41,0.0,0.0,0.0,1.39,1.25,1.0,0.29
262,Hughes,Crystal Palace,Midfielder,49.0,46.0,240.4,335.5,64.0,64.0,6.0,0.8,1.7,2.5,22.36,0.05,0.11,0.16,1.43,1.22,1.02,0.38
263,Kamada,Crystal Palace,Midfielder,51.0,28.0,137.2,211.0,98.0,44.8,3.0,0.7,0.83,1.53,15.72,0.07,0.08,0.15,1.53,1.56,0.98,0.29
264,Lerma,Crystal Palace,Midfielder,48.0,31.0,203.4,110.4,152.0,46.8,3.0,0.78,1.28,2.06,18.96,0.05,0.09,0.14,1.32,1.25,1.05,0.21
265,Mateta,Crystal Palace,Forward,73.0,103.0,455.2,285.5,546.0,128.4,6.0,9.9,1.56,11.46,28.81,0.48,0.08,0.56,1.39,1.21,1.07,0.29
268,Mitchell,Crystal Palace,Defender,48.0,78.0,425.6,418.7,111.0,96.0,8.0,0.63,2.88,3.51,32.32,0.03,0.12,0.15,1.39,1.25,1.03,0.34
269,Muñoz,Crystal Palace,Defender,48.0,88.0,498.6,406.1,322.0,122.6,7.0,3.47,2.24,5.71,29.38,0.16,0.1,0.26,1.33,1.13,1.04,0.32
272,Schlupp,Crystal Palace,Midfielder,46.0,12.0,22.8,42.9,46.0,11.0,0.0,0.17,0.14,0.31,1.53,0.16,0.13,0.29,1.45,2.84,0.0,0.0
274,Wharton,Crystal Palace,Midfielder,47.0,16.0,119.8,131.4,53.0,30.4,1.0,0.22,0.6,0.82,9.49,0.03,0.09,0.12,1.37,1.3,1.16,0.14
276,I.Sarr,Crystal Palace,Midfielder,57.0,82.0,369.8,340.3,555.0,126.5,6.0,4.4,4.11,8.51,23.15,0.25,0.23,0.48,1.31,1.13,0.96,0.34
278,Devenny,Crystal Palace,Midfielder,45.0,19.0,81.4,71.6,36.0,19.1,0.0,0.46,0.31,0.77,5.22,0.16,0.11,0.27,1.79,1.03,0.69,0.0
279,Agbinone,Crystal Palace,Midfielder,45.0,2.0,4.0,10.6,1.0,1.5,0.0,0.02,0.01,0.03,0.0,0.45,0.22,0.67,0.0,0.0,0.0,0.0
281,Lacroix,Crystal Palace,Defender,45.0,75.0,437.4,44.5,159.0,64.1,7.0,1.87,0.46,2.33,28.16,0.09,0.02,0.11,1.34,1.19,1.0,0.33
282,Kporha,Crystal Palace,Defender,40.0,2.0,8.0,4.6,0.0,1.3,0.0,0.0,0.02,0.02,0.06,0.0,0.16,0.16,0.49,8.18,0.0,0.0
284,Esse,Crystal Palace,Midfielder,50.0,8.0,35.2,0.3,35.0,7.1,0.0,0.32,0.0,0.32,0.29,4.11,0.0,4.11,3.73,0.0,0.0,0.0
285,Glasner,Crystal Palace,Manager,8.0,11.0,0.0,0.0,0.0,0.0,0.0,0.0,0.0,0.0,0.0,0.0,0.0,0.0,0.0,0.0,0.0,0.0
286,Broja,Everton,Forward,54.0,5.0,11.6,28.3,29.0,6.2,0.0,0.11,0.09,0.2,2.37,0.06,0.05,0.11,1.37,1.15,1.15,0.0
287,A.Doucoure,Everton,Midfielder,51.0,52.0,184.8,250.5,140.0,57.4,9.0,1.7,0.72,2.42,24.38,0.09,0.04,0.13,1.31,1.12,1.07,0.48
288,Beto,Everton,Forward,49.0,34.0,125.2,11.0,185.0,31.6,2.0,2.32,0.01,2.33,4.75,0.53,0.0,0.53,1.09,2.07,0.46,0.46
289,Branthwaite,Everton,Defender,48.0,54.0,273.6,24.3,58.0,35.7,7.0,0.54,0.21,0.75,15.28,0.04,0.01,0.05,1.09,0.85,1.0,0.5
290,Calvert-Lewin,Everton,Forward,54.0,59.0,191.0,124.7,527.0,83.6,8.0,6.05,0.63,6.68,23.22,0.35,0.04,0.39,1.33,0.97,1.09,0.46
291,Coleman,Everton,Defender,43.0,3.0,38.0,1.9,21.0,6.2,0.0,0.62,0.01,0.63,4.32,0.28,0.0,0.28,1.98,1.84,0.92,0.0
292,Gana,Everton,Midfielder,48.0,55.0,294.2,208.3,81.0,58.2,8.0,0.92,0.96,1.88,25.08,0.05,0.05,0.1,1.29,1.28,1.03,0.41
293,Garner,Everton,Midfielder,49.0,14.0,89.6,71.8,26.0,18.6,2.0,0.09,0.59,0.68,4.83,0.02,0.15,0.17,1.26,1.05,0.78,0.52
294,Harrison,Everton,Midfielder,52.0,35.0,113.2,205.0,153.0,46.4,4.0,2.24,1.36,3.6,18.0,0.2,0.12,0.32,1.63,1.36,1.09,0.36
295,Holgate,Everton,Defender,40.0,1.0,0.0,0.0,0.0,0.0,0.0,0.0,0.0,0.0,0.07,0.0,0.0,0.0,1.26,18.0,0.0,0.0
296,Iroegbunam,Everton,Midfielder,43.0,9.0,57.6,27.4,29.0,11.5,0.0,0.21,0.08,0.29,8.41,0.05,0.02,0.07,1.95,3.01,0.93,0.0
298,Keane,Everton,Defender,39.0,33.0,221.6,22.9,84.0,33.0,2.0,0.43,0.02,0.45,14.42,0.05,0.0,0.05,1.6,1.88,1.0,0.22
300,McNeil,Everton,Midfielder,51.0,65.0,287.4,547.4,169.0,100.5,4.0,0.87,3.96,4.82,17.67,0.07,0.31,0.38,1.4,1.66,1.03,0.32
301,Mykolenko,Everton,Defender,44.0,71.0,318.0,238.3,58.0,61.6,8.0,0.39,1.16,1.55,24.92,0.02,0.06,0.08,1.23,1.19,1.04,0.4
302,Ndiaye,Everton,Forward,55.0,80.0,448.0,278.9,331.0,106.1,11.0,3.58,1.03,4.61,23.66,0.17,0.05,0.22,1.15,0.92,1.02,0.54
303,Patterson,Everton,Defender,44.0,7.0,28.0,36.9,8.0,7.3,0.0,0.07,0.3,0.37,1.94,0.05,0.22,0.27,1.41,1.45,0.0,0.0
304,Pickford,Everton,Goalkeeper,51.0,104.0,639.4,20.3,0.0,65.8,9.0,0.0,0.15,0.15,29.43,0.0,0.01,0.01,1.28,1.22,1.0,0.39
305,Tarkowski,Everton,Defender,48.0,79.0,602.6,140.2,155.0,90.2,9.0,0.97,1.88,2.85,29.43,0.04,0.08,0.12,1.29,1.22,1.0,0.39
307,Young,Everton,Defender,46.0,74.0,349.4,263.4,35.0,64.9,7.0,0.22,1.47,1.69,20.75,0.01,0.09,0.1,1.26,1.21,1.03,0.42
308,Alcaraz,Everton,Midfielder,49.0,1.0,8.4,15.9,19.0,4.3,0.0,0.07,0.03,0.1,0.0,0.7,0.3,1.0,0.0,0.0,0.0,0.0
309,Lindstrøm,Everton,Midfielder,50.0,32.0,157.2,262.2,198.0,61.8,6.0,2.02,1.61,3.63,9.01,0.21,0.17,0.38,0.94,0.94,1.04,0.62
310,O'Brien,Everton,Defender,45.0,15.0,61.8,18.4,4.0,8.4,2.0,0.0,0.05,0.05,2.74,0.0,0.01,0.01,0.8,0.58,0.88,0.58
311,Armstrong,Everton,Midfielder,44.0,2.0,1.8,10.9,9.0,2.2,0.0,0.37,0.0,0.37,0.45,0.71,0.0,0.71,0.86,1.91,0.0,0.0
315,Mangala,Everton,Midfielder,50.0,39.0,172.8,133.5,106.0,41.4,5.0,1.13,0.59,1.72,16.64,0.08,0.04,0.12,1.19,0.72,1.0,0.36
318,Moyes,Everton,Manager,5.0,31.0,0.0,0.0,0.0,0.0,0.0,0.0,0.0,0.0,0.0,0.0,0.0,0.0,0.0,0.0,0.0,0.0
319,Nelson,Fulham,Midfielder,50.0,27.0,131.6,223.9,195.0,55.1,1.0,1.07,0.96,2.03,6.13,0.2,0.18,0.38,1.14,1.68,0.93,0.19
320,Smith Rowe,Fulham,Midfielder,52.0,80.0,309.4,307.0,235.0,85.3,6.0,3.34,1.51,4.85,17.08,0.21,0.09,0.3,1.07,1.26,1.13,0.38
321,Andersen,Fulham,Defender,42.0,32.0,300.4,58.9,72.0,43.3,3.0,0.36,0.3,0.66,17.68,0.02,0.02,0.04,1.13,1.59,1.02,0.19
322,Adama,Fulham,Midfielder,47.0,57.0,244.8,398.7,328.0,97.3,3.0,3.45,2.85,6.3,13.56,0.28,0.23,0.51,1.09,1.28,0.96,0.24
323,Andreas,Fulham,Midfielder,50.0,54.0,232.8,583.7,219.0,103.5,4.0,3.04,3.09,6.13,15.39,0.22,0.22,0.44,1.09,1.28,1.13,0.28
324,Bassey,Fulham,Defender,45.0,50.0,366.4,62.1,73.0,50.2,4.0,0.83,0.24,1.07,25.45,0.04,0.01,0.05,1.11,1.3,1.0,0.17
326,Cairney,Fulham,Midfielder,48.0,20.0,96.2,145.6,34.0,27.6,1.0,0.15,0.92,1.07,4.97,0.04,0.22,0.26,1.16,1.64,0.47,0.23
327,Castagne,Fulham,Defender,42.0,29.0,197.8,108.3,72.0,38.0,2.0,0.12,0.33,0.45,10.83,0.01,0.03,0.04,1.09,1.5,0.9,0.2
328,Diop,Fulham,Defender,44.0,26.0,206.0,29.9,77.0,31.0,1.0,0.51,0.03,0.54,14.82,0.04,0.0,0.04,1.25,1.18,1.01,0.08
330,Iwobi,Fulham,Midfielder,58.0,107.0,574.2,657.7,504.0,173.6,5.0,2.96,4.99,7.95,24.85,0.13,0.22,0.35,1.11,1.25,1.07,0.22
331,Leno,Fulham,Goalkeeper,50.0,73.0,582.0,20.0,0.0,60.1,4.0,0.0,0.02,0.02,27.58,0.0,0.0,0.0,1.15,1.33,1.0,0.17
332,Lukić,Fulham,Midfielder,48.0,37.0,225.2,234.7,39.0,49.9,3.0,0.69,0.84,1.53,18.59,0.04,0.05,0.09,1.11,1.44,1.08,0.18
334,Muniz,Fulham,Forward,55.0,54.0,191.0,77.1,326.0,59.1,2.0,3.81,0.1,3.91,9.38,0.52,0.01,0.53,1.29,1.65,0.69,0.27
335,Raúl,Fulham,Forward,56.0,100.0,420.8,208.4,680.0,130.7,6.0,8.63,1.57,10.2,19.32,0.51,0.09,0.6,1.15,1.25,1.13,0.36
337,Reed,Fulham,Midfielder,47.0,6.0,9.2,18.4,9.0,3.7,0.0,0.01,0.09,0.1,2.96,0.02,0.15,0.17,4.93,3.33,0.0,0.0
338,Robinson,Fulham,Defender,51.0,88.0,669.2,554.8,166.0,139.2,4.0,0.69,3.1,3.79,27.58,0.03,0.13,0.16,1.15,1.33,1.0,0.17
339,Stansfield,Fulham,Forward,50.0,1.0,0.0,0.0,0.0,0.0,0.0,0.0,0.0,0.0,0.67,0.0,0.0,0.0,60.3,0.0,0.0,0.0
340,Tete,Fulham,Defender,44.0,37.0,258.8,120.9,115.0,49.4,2.0,1.02,0.44,1.46,16.77,0.07,0.03,0.1,1.2,1.21,1.07,0.14
341,Vinicius,Fulham,Forward,50.0,1.0,4.0,0.0,19.0,2.3,0.0,0.06,0.0,0.06,0.0,1.8,0.0,1.8,0.0,0.0,0.0,0.0
342,Wilson,Fulham,Midfielder,52.0,63.0,252.4,259.1,298.0,80.1,2.0,3.29,0.94,4.23,11.69,0.36,0.1,0.46,1.27,1.41,0.87,0.22
343,Sessegnon,Fulham,Defender,41.0,3.0,3.0,0.0,0.0,0.3,0.0,0.0,0.0,0.0,0.35,0.0,0.0,0.0,1.97,0.0,0.0,0.0
344,J.Cuenca,Fulham,Defender,44.0,4.0,24.8,0.0,0.0,2.4,0.0,0.0,0.0,0.0,2.56,0.0,0.0,0.0,2.48,2.9,0.97,0.0
345,King,Fulham,Midfielder,45.0,7.0,21.4,37.3,24.0,8.4,1.0,0.2,0.65,0.85,0.35,0.23,0.75,0.98,0.4,0.0,1.15,1.15
346,Godo,Fulham,Midfielder,44.0,1.0,1.0,0.5,6.0,0.8,0.0,0.0,0.0,0.0,0.05,0.0,0.0,0.0,0.32,0.0,0.0,0.0
347,Berge,Fulham,Midfielder,50.0,33.0,221.2,196.4,19.0,43.5,3.0,0.08,0.35,0.43,15.63,0.01,0.03,0.04,1.15,1.17,0.95,0.22
349,Silva,Fulham,Manager,11.0,18.0,0.0,0.0,0.0,0.0,0.0,0.0,0.0,0.0,0.0,0.0,0.0,0.0,0.0,0.0,0.0,0.0
351,Enciso,Ipswich,Midfielder,54.0,19.0,77.4,107.4,190.0,37.3,1.0,1.47,0.53,2.0,5.8,0.34,0.12,0.46,1.36,1.4,0.7,0.23
352,Al-Hamadi,Ipswich,Forward,47.0,8.0,5.6,25.7,32.0,6.0,0.0,0.35,0.04,0.39,3.84,0.25,0.03,0.28,2.76,3.6,0.0,0.0
354,Broadhead,Ipswich,Midfielder,49.0,13.0,58.6,70.8,95.0,22.4,1.0,1.01,0.9,1.91,5.19,0.24,0.22,0.46,1.25,0.96,0.96,0.24
355,Burgess,Ipswich,Defender,39.0,14.0,237.2,42.3,78.0,35.8,0.0,0.72,0.23,0.95,21.61,0.07,0.02,0.09,2.16,2.3,1.0,0.0
356,Burns,Ipswich,Midfielder,48.0,30.0,111.6,148.5,66.0,31.8,1.0,0.5,1.17,1.67,23.62,0.05,0.11,0.16,2.31,2.25,1.17,0.1
357,Chaplin,Ipswich,Midfielder,51.0,33.0,95.6,120.4,86.0,29.7,1.0,1.18,0.54,1.72,14.6,0.18,0.08,0.26,2.17,1.79,1.04,0.15
358,H.Clarke,Ipswich,Defender,40.0,1.0,48.2,24.4,35.0,10.5,0.0,0.08,0.1,0.18,9.1,0.02,0.02,0.04,2.17,2.39,0.95,0.0
359,Davis,Ipswich,Defender,44.0,48.0,389.6,627.1,124.0,114.0,2.0,0.84,3.65,4.49,48.26,0.04,0.16,0.2,2.06,2.05,1.02,0.09
360,Delap,Ipswich,Forward,56.0,93.0,392.0,242.8,518.0,114.7,3.0,7.29,1.26,8.55,36.63,0.37,0.06,0.43,1.87,1.89,1.12,0.15
361,Edmundson,Ipswich,Defender,40.0,1.0,0.0,0.0,0.0,0.0,0.0,0.0,0.0,0.0,0.0,0.0,0.0,0.0,0.0,0.0,0.0,0.0
362,Greaves,Ipswich,Defender,39.0,29.0,347.8,31.0,100.0,48.0,2.0,0.68,0.09,0.77,27.38,0.05,0.01,0.06,1.96,1.86,1.0,0.14
363,Harness,Ipswich,Midfielder,49.0,2.0,9.4,1.9,6.0,1.7,0.0,0.0,0.05,0.05,1.36,0.0,0.1,0.1,2.85,4.19,0.0,0.0
364,Hirst,Ipswich,Forward,54.0,21.0,63.4,37.9,87.0,19.0,0.0,0.97,0.1,1.07,6.69,0.42,0.04,0.46,2.88,1.72,0.43,0.0
366,Hutchinson,Ipswich,Midfielder,52.0,59.0,245.8,297.1,294.0,83.9,3.0,1.79,1.4,3.19,39.77,0.09,0.07,0.16,1.92,1.93,1.06,0.14
367,Johnson,Ipswich,Defender,39.0,14.0,166.8,87.9,40.0,29.4,0.0,0.4,0.39,0.79,24.65,0.04,0.04,0.08,2.7,2.74,0.88,0.0
369,Luongo,Ipswich,Midfielder,44.0,8.0,31.2,5.6,2.0,4.0,0.0,0.0,0.01,0.01,5.73,0.0,0.01,0.01,3.05,2.66,1.07,0.0
370,Morsy,Ipswich,Midfielder,49.0,51.0,302.6,237.3,26.0,56.4,2.0,0.31,1.0,1.31,41.85,0.01,0.05,0.06,1.98,2.03,0.99,0.09
373,Taylor,Ipswich,Midfielder,48.0,22.0,96.6,82.7,65.0,24.4,0.0,0.55,0.71,1.26,8.29,0.12,0.16,0.28,1.85,1.34,0.22,0.0
374,Tuanzebe,Ipswich,Defender,39.0,17.0,165.0,52.4,19.0,23.7,1.0,0.18,0.08,0.26,19.02,0.02,0.01,0.03,1.75,1.84,1.01,0.09
375,Walton,Ipswich,Goalkeeper,43.0,14.0,139.4,10.0,0.0,14.9,1.0,0.0,0.0,0.0,12.87,0.0,0.0,0.0,2.14,2.67,1.0,0.17
376,Woolfenden,Ipswich,Defender,40.0,13.0,147.4,4.4,6.0,15.9,1.0,0.03,0.02,0.05,16.59,0.0,0.0,0.0,2.03,1.83,0.98,0.12
377,Phillips,Ipswich,Midfielder,48.0,20.0,125.4,65.9,27.0,21.7,1.0,0.33,0.26,0.59,18.48,0.03,0.03,0.06,1.94,2.31,1.05,0.11
378,Muric,Ipswich,Goalkeeper,44.0,49.0,531.2,0.0,0.0,53.1,1.0,0.0,0.01,0.01,36.12,0.0,0.0,0.0,2.01,1.83,1.0,0.06
379,Jaden,Ipswich,Midfielder,53.0,13.0,30.4,30.6,53.0,10.6,1.0,0.46,0.21,0.67,7.74,0.09,0.04,0.13,1.52,2.17,0.59,0.2
380,Townsend,Ipswich,Defender,39.0,2.0,15.4,25.1,2.0,4.3,0.0,0.0,0.07,0.07,0.96,0.0,0.14,0.14,1.88,3.91,0.0,0.0
381,Szmodics,Ipswich,Midfielder,57.0,52.0,209.4,81.5,263.0,54.9,2.0,3.44,0.44,3.88,23.18,0.32,0.04,0.36,2.14,1.57,1.2,0.18
382,Cajuste,Ipswich,Midfielder,45.0,30.0,110.4,113.6,19.0,24.0,1.0,0.17,0.28,0.45,24.66,0.01,0.02,0.03,2.13,2.07,1.21,0.09
383,O'Shea,Ipswich,Defender,40.0,29.0,477.0,15.5,137.0,62.9,2.0,0.83,0.17,1.0,41.48,0.04,0.01,0.05,2.0,2.03,1.02,0.1
384,J.Clarke,Ipswich,Midfielder,54.0,29.0,108.2,130.7,77.0,31.4,0.0,0.83,0.71,1.54,16.3,0.13,0.11,0.24,2.47,2.88,0.76,0.0
385,Ogbene,Ipswich,Midfielder,48.0,7.0,22.8,30.2,12.0,6.4,0.0,0.0,0.05,0.05,2.36,0.0,0.02,0.02,0.9,1.14,1.14,0.0
387,McKenna,Ipswich,Manager,5.0,2.0,0.0,0.0,0.0,0.0,0.0,0.0,0.0,0.0,0.0,0.0,0.0,0.0,0.0,0.0,0.0,0.0
389,Buonanotte,Leicester,Midfielder,47.0,58.0,347.4,354.4,239.0,93.9,2.0,3.24,1.98,5.22,23.41,0.26,0.16,0.42,1.85,1.82,0.95,0.16
390,J.Ayew,Leicester,Midfielder,52.0,54.0,219.0,210.3,259.0,68.7,1.0,3.35,1.1,4.45,22.99,0.25,0.08,0.33,1.75,2.51,0.99,0.08
391,Edouard,Leicester,Forward,51.0,7.0,5.0,25.0,50.0,8.0,0.0,0.39,0.07,0.46,3.72,0.25,0.04,0.29,2.37,1.91,0.64,0.0
392,B.Soumaré,Leicester,Midfielder,44.0,22.0,162.2,157.8,28.0,34.9,0.0,0.21,0.62,0.83,24.63,0.02,0.05,0.07,1.86,2.34,0.98,0.0
394,Choudhury,Leicester,Midfielder,44.0,4.0,33.8,30.4,6.0,7.0,0.0,0.0,0.19,0.19,5.28,0.0,0.13,0.13,3.68,3.49,0.7,0.0
395,Coady,Leicester,Defender,40.0,8.0,148.0,23.8,6.0,17.8,0.0,0.0,0.45,0.45,16.86,0.0,0.06,0.06,2.12,2.77,1.01,0.0
396,Daka,Leicester,Forward,48.0,19.0,63.8,13.8,75.0,14.9,0.0,0.5,0.03,0.53,6.77,0.15,0.01,0.16,2.06,2.13,0.3,0.0
397,De Cordova-Reid,Leicester,Midfielder,52.0,38.0,88.0,76.8,56.0,22.2,0.0,0.72,0.12,0.84,9.36,0.15,0.02,0.17,1.95,2.08,0.83,0.0
398,Faes,Leicester,Defender,39.0,30.0,411.2,50.6,91.0,55.3,1.0,1.14,0.35,1.49,36.62,0.06,0.02,0.08,2.01,2.08,0.93,0.05
400,Hermansen,Leicester,Goalkeeper,44.0,39.0,538.6,0.2,0.0,53.9,1.0,0.0,0.01,0.01,34.3,0.0,0.0,0.0,2.08,2.12,1.03,0.06
402,Justin,Leicester,Defender,41.0,43.0,414.2,180.6,185.0,78.2,1.0,1.37,0.48,1.85,44.72,0.06,0.02,0.08,2.04,2.28,1.05,0.05
403,Kristiansen,Leicester,Defender,45.0,27.0,412.0,305.2,26.0,74.2,1.0,0.1,1.49,1.59,41.3,0.0,0.07,0.07,2.01,2.14,1.02,0.05
405,Mavididi,Leicester,Midfielder,51.0,55.0,270.6,311.1,249.0,82.7,1.0,1.55,3.09,4.64,27.82,0.11,0.22,0.33,1.95,2.17,0.98,0.07
406,McAteer,Leicester,Midfielder,47.0,18.0,65.4,70.0,69.0,20.2,1.0,0.55,0.22,0.77,10.11,0.13,0.05,0.18,2.39,1.89,0.95,0.24
407,Ndidi,Leicester,Midfielder,49.0,37.0,326.6,155.6,187.0,66.8,1.0,1.53,1.13,2.66,26.39,0.11,0.08,0.19,1.95,1.85,1.11,0.07
408,Okoli,Leicester,Defender,40.0,18.0,238.0,10.7,36.0,28.5,1.0,0.14,0.1,0.24,21.05,0.02,0.01,0.03,2.29,2.06,0.98,0.11
409,Ricardo,Leicester,Defender,41.0,2.0,13.8,5.7,2.0,2.2,0.0,0.0,0.03,0.03,2.08,0.0,0.02,0.02,1.28,2.47,1.23,0.0
411,Stolarczyk,Leicester,Goalkeeper,40.0,10.0,140.8,0.0,0.0,14.1,0.0,0.0,0.0,0.0,9.79,0.0,0.0,0.0,1.63,2.0,1.0,0.0
412,Thomas,Leicester,Defender,39.0,1.0,28.0,15.0,10.0,5.3,0.0,0.02,0.05,0.07,3.96,0.01,0.03,0.04,1.99,3.02,1.01,0.0
413,Vardy,Leicester,Forward,54.0,90.0,357.6,181.8,513.0,104.9,1.0,8.41,2.11,10.52,40.92,0.43,0.11,0.54,2.07,2.23,1.11,0.05
414,Vestergaard,Leicester,Defender,39.0,11.0,285.0,35.4,36.0,35.9,0.0,0.04,0.08,0.12,23.42,0.0,0.01,0.01,1.67,2.29,1.07,0.0
415,Ward,Leicester,Goalkeeper,39.0,2.0,35.4,0.0,0.0,3.6,0.0,0.0,0.0,0.0,3.35,0.0,0.0,0.0,2.23,4.0,0.67,0.0
416,Winks,Leicester,Midfielder,44.0,37.0,252.4,289.2,30.0,57.3,0.0,0.21,1.5,1.71,28.52,0.01,0.09,0.1,1.76,1.98,1.05,0.0
417,Skipp,Leicester,Midfielder,47.0,18.0,86.2,119.8,24.0,23.1,1.0,0.13,0.28,0.41,20.62,0.02,0.03,0.05,2.45,2.5,0.83,0.12
418,A.Fatawu,Leicester,Midfielder,51.0,26.0,147.6,104.3,148.0,40.1,0.0,0.41,1.42,1.83,11.0,0.06,0.22,0.28,1.72,2.19,0.94,0.0
419,Alves,Leicester,Midfielder,44.0,1.0,0.0,0.3,0.0,0.0,0.0,0.0,0.0,0.0,0.0,0.0,0.0,0.0,0.0,0.0,0.0,0.0
421,El Khannouss,Leicester,Midfielder,48.0,49.0,211.4,250.0,78.0,53.8,1.0,0.5,1.2,1.7,25.3,0.04,0.1,0.14,2.09,2.48,1.16,0.08
424,Coulibaly,Leicester,Defender,40.0,2.0,5.4,0.3,0.0,0.6,0.0,0.0,0.0,0.0,0.54,0.0,0.0,0.0,3.24,6.0,0.0,0.0
425,Van Nistelrooy,Leicester,Manager,5.0,8.0,0.0,0.0,0.0,0.0,0.0,0.0,0.0,0.0,0.0,0.0,0.0,0.0,0.0,0.0,0.0,0.0
426,A.Becker,Liverpool,Goalkeeper,55.0,68.0,306.6,13.0,0.0,31.7,7.0,0.0,0.2,0.2,11.05,0.0,0.01,0.01,0.74,0.81,1.01,0.47
427,Alexander-Arnold,Liverpool,Defender,74.0,107.0,525.0,699.8,160.0,138.4,9.0,1.08,6.23,7.31,14.67,0.06,0.32,0.38,0.76,0.88,1.09,0.47
429,Bradley,Liverpool,Defender,47.0,13.0,45.8,15.4,100.0,16.1,1.0,0.49,0.21,0.7,4.4,0.17,0.07,0.24,1.55,1.06,0.35,0.35
431,Darwin,Liverpool,Forward,70.0,46.0,210.6,87.7,277.0,56.9,2.0,3.28,0.31,3.59,11.92,0.36,0.03,0.39,1.31,1.54,0.77,0.22
432,Diogo J.,Liverpool,Midfielder,72.0,59.0,238.2,97.8,336.0,67.1,4.0,4.89,0.65,5.54,4.85,0.71,0.09,0.8,0.7,0.58,1.01,0.58
434,Elliott,Liverpool,Midfielder,52.0,12.0,31.8,59.4,14.0,10.6,0.0,0.07,0.35,0.42,1.39,0.08,0.42,0.5,1.67,1.2,0.0,0.0
435,Endo,Liverpool,Midfielder,46.0,10.0,16.2,16.4,4.0,3.6,0.0,0.0,0.04,0.04,0.97,0.0,0.04,0.04,1.09,1.12,0.0,0.0
436,Gakpo,Liverpool,Forward,76.0,92.0,460.4,387.9,489.0,133.8,5.0,5.4,2.7,8.09,11.55,0.38,0.19,0.57,0.8,0.9,1.04,0.35
437,Gomez,Liverpool,Defender,47.0,14.0,130.4,38.5,58.0,22.8,1.0,0.33,0.09,0.42,5.38,0.06,0.02,0.08,0.94,1.39,1.04,0.17
438,Gravenberch,Liverpool,Midfielder,50.0,57.0,352.4,354.0,77.0,78.5,10.0,0.86,2.7,3.56,19.33,0.04,0.12,0.16,0.88,0.86,1.04,0.45
439,Jones,Liverpool,Midfielder,53.0,62.0,282.8,187.1,294.0,76.4,3.0,3.33,0.49,3.82,11.49,0.33,0.05,0.38,1.13,1.27,0.98,0.29
440,Kelleher,Liverpool,Goalkeeper,40.0,37.0,196.8,0.0,0.0,19.7,3.0,0.0,0.0,0.0,9.68,0.0,0.0,0.0,1.21,1.12,1.0,0.38
441,Konaté,Liverpool,Defender,52.0,66.0,357.2,108.5,79.0,54.6,7.0,1.03,0.71,1.74,14.06,0.07,0.05,0.12,0.9,0.77,1.03,0.45
442,Luis Díaz,Liverpool,Midfielder,75.0,106.0,422.6,379.9,569.0,137.0,11.0,6.66,2.07,8.73,13.01,0.42,0.13,0.55,0.82,0.69,1.07,0.69
443,M.Salah,Liverpool,Midfielder,137.0,238.0,1111.6,698.0,1410.0,321.8,10.0,17.56,5.78,23.34,20.49,0.78,0.26,1.04,0.91,0.93,1.02,0.44
444,Mac Allister,Liverpool,Midfielder,62.0,63.0,326.0,460.8,242.0,102.7,10.0,1.93,3.52,5.45,14.17,0.11,0.19,0.3,0.78,0.66,1.1,0.55
448,Quansah,Liverpool,Defender,39.0,4.0,59.6,4.8,4.0,6.9,0.0,0.0,0.13,0.13,3.64,0.0,0.05,0.05,1.46,1.6,0.8,0.0
450,Robertson,Liverpool,Defender,59.0,65.0,285.8,518.2,115.0,91.7,8.0,0.5,3.09,3.59,17.09,0.03,0.17,0.2,0.93,1.09,1.09,0.44
451,Szoboszlai,Liverpool,Midfielder,63.0,80.0,301.0,488.1,397.0,118.6,8.0,5.23,3.6,8.83,14.46,0.32,0.22,0.54,0.9,0.81,0.99,0.5
452,Tsimikas,Liverpool,Defender,46.0,24.0,103.8,106.9,23.0,23.6,2.0,0.08,1.04,1.12,2.68,0.02,0.28,0.3,0.72,0.27,0.8,0.53
453,Virgil,Liverpool,Defender,64.0,90.0,518.6,128.9,224.0,87.0,10.0,1.51,0.65,2.16,20.87,0.07,0.03,0.1,0.91,0.91,1.0,0.43
454,Chiesa,Liverpool,Midfielder,68.0,3.0,0.8,1.8,15.0,1.7,0.0,0.16,0.09,0.25,0.8,0.58,0.32,0.9,2.88,3.6,0.0,0.0
455,Jaros,Liverpool,Goalkeeper,40.0,1.0,8.8,0.0,0.0,0.9,0.0,0.0,0.0,0.0,0.14,0.0,0.0,0.0,1.15,0.0,0.0,0.0
459,Danns,Liverpool,Forward,45.0,1.0,0.0,0.3,0.0,0.0,0.0,0.0,0.01,0.01,0.45,0.0,0.09,0.09,4.05,9.0,0.0,0.0
460,Slot,Liverpool,Manager,15.0,20.0,0.0,0.0,0.0,0.0,0.0,0.0,0.0,0.0,0.0,0.0,0.0,0.0,0.0,0.0,0.0,0.0
461,Akanji,Man City,Defender,53.0,44.0,291.8,231.8,56.0,58.0,4.0,0.7,1.09,1.79,26.78,0.04,0.06,0.1,1.41,1.42,1.05,0.21
462,Aké,Man City,Defender,53.0,24.0,91.4,20.9,18.0,13.1,3.0,0.22,0.15,0.37,12.89,0.03,0.02,0.05,1.93,1.35,1.05,0.45
463,Bernardo,Man City,Midfielder,62.0,72.0,395.8,568.2,449.0,141.3,4.0,2.82,3.27,6.09,31.61,0.13,0.15,0.28,1.49,1.6,0.99,0.19
466,De Bruyne,Man City,Midfielder,94.0,72.0,302.4,585.3,238.0,112.3,5.0,2.54,4.45,6.99,13.59,0.23,0.4,0.63,1.22,1.16,0.99,0.45
467,Doku,Man City,Midfielder,62.0,58.0,297.0,274.7,273.0,84.6,4.0,0.77,1.79,2.56,8.0,0.09,0.21,0.3,0.92,0.92,1.04,0.46
468,Ederson M.,Man City,Goalkeeper,53.0,49.0,352.4,20.0,0.0,37.1,3.0,0.0,0.01,0.01,20.29,0.0,0.0,0.0,1.35,1.33,1.0,0.2
469,Foden,Man City,Midfielder,93.0,89.0,408.2,593.1,393.0,139.3,3.0,4.58,4.76,9.33,25.51,0.3,0.31,0.61,1.69,1.45,0.99,0.2
470,Grealish,Man City,Midfielder,64.0,25.0,116.4,291.8,203.0,61.2,1.0,0.78,1.52,2.3,10.33,0.12,0.23,0.35,1.55,1.35,0.9,0.15
471,Gvardiol,Man City,Defender,59.0,89.0,575.2,345.0,396.0,131.9,5.0,4.18,2.15,6.33,30.21,0.19,0.1,0.29,1.34,1.42,0.98,0.22
472,Haaland,Man City,Forward,147.0,149.0,811.8,273.3,1281.0,236.9,5.0,18.13,1.3,19.43,34.52,0.77,0.06,0.83,1.46,1.48,1.02,0.21
475,Kovačić,Man City,Midfielder,54.0,74.0,409.6,434.1,147.0,99.1,6.0,1.39,2.51,3.89,24.03,0.08,0.15,0.23,1.4,1.4,1.05,0.35
476,Lewis,Man City,Defender,44.0,47.0,225.4,176.8,122.0,52.4,3.0,1.1,0.8,1.9,21.63,0.07,0.05,0.12,1.39,1.29,1.03,0.19
477,Matheus N.,Man City,Midfielder,49.0,39.0,218.6,294.6,122.0,63.6,2.0,0.53,2.11,2.64,16.39,0.05,0.21,0.26,1.66,1.72,1.01,0.2
478,McAtee,Man City,Midfielder,46.0,12.0,35.0,15.2,35.0,8.4,0.0,0.79,0.03,0.82,1.33,0.85,0.03,0.88,1.42,3.21,0.0,0.0
479,Ortega Moreno,Man City,Goalkeeper,52.0,25.0,224.0,0.0,0.0,22.5,2.0,0.0,0.0,0.0,14.28,0.0,0.0,0.0,1.59,1.67,1.0,0.22
480,Rodrigo,Man City,Midfielder,62.0,2.0,10.8,17.1,0.0,2.8,0.0,0.0,0.09,0.09,0.04,0.0,0.12,0.12,0.06,0.0,1.38,0.0
481,Rúben,Man City,Defender,54.0,34.0,250.0,122.7,76.0,45.0,4.0,1.12,0.75,1.87,16.46,0.09,0.06,0.15,1.26,1.07,0.99,0.31
482,Stones,Man City,Defender,53.0,22.0,136.2,47.8,70.0,25.3,0.0,0.6,0.17,0.77,5.47,0.12,0.03,0.15,1.08,2.18,0.99,0.0
483,Walker,Man City,Defender,51.0,13.0,157.4,147.7,29.0,33.5,0.0,0.12,1.34,1.46,19.26,0.01,0.12,0.13,1.79,1.96,0.84,0.0
484,Savinho,Man City,Midfielder,63.0,77.0,308.2,483.2,455.0,124.8,3.0,3.1,5.12,8.22,15.84,0.24,0.39,0.63,1.22,1.62,1.08,0.23
485,O’Reilly,Man City,Midfielder,49.0,1.0,4.4,0.9,2.0,0.7,0.0,0.03,0.0,0.03,0.02,0.15,0.0,0.15,0.1,0.0,0.0,0.0
486,Gündogan,Man City,Midfielder,64.0,40.0,181.6,440.3,164.0,78.5,3.0,1.59,2.85,4.43,25.24,0.11,0.19,0.3,1.7,1.55,1.01,0.2
489,Simpson-Pusey,Man City,Defender,40.0,1.0,19.6,2.2,2.0,2.4,0.0,0.0,0.01,0.01,2.37,0.0,0.01,0.01,2.25,1.89,0.95,0.0
491,Mubama,Man City,Forward,45.0,1.0,0.2,0.1,5.0,0.5,0.0,0.04,0.0,0.04,0.02,0.13,0.0,0.13,0.07,0.0,0.0,0.0
496,Guardiola,Man City,Manager,15.0,10.0,0.0,0.0,0.0,0.0,0.0,0.0,0.0,0.0,0.0,0.0,0.0,0.0,0.0,0.0,0.0,0.0
497,Marmoush,Man City,Forward,70.0,4.0,11.4,59.8,12.0,8.3,0.0,0.17,0.42,0.59,2.51,0.11,0.26,0.37,1.57,2.5,1.25,0.0
499,Amad,Man Utd,Midfielder,56.0,107.0,516.8,552.3,477.0,154.7,6.0,4.12,3.42,7.54,27.45,0.23,0.19,0.42,1.55,1.41,0.96,0.34
500,Antony,Man Utd,Midfielder,57.0,8.0,35.0,50.7,74.0,15.8,0.0,0.6,0.21,0.81,2.05,0.4,0.14,0.54,1.37,1.33,0.0,0.0
501,B.Fernandes,Man Utd,Midfielder,83.0,104.0,576.4,756.3,415.0,174.4,7.0,7.84,4.42,12.26,30.92,0.37,0.21,0.58,1.45,1.45,1.08,0.33
503,Casemiro,Man Utd,Midfielder,47.0,32.0,249.2,236.7,150.0,63.6,3.0,1.05,1.54,2.59,15.76,0.11,0.17,0.28,1.7,1.51,1.08,0.32
504,Dalot,Man Utd,Defender,50.0,63.0,342.8,274.1,177.0,79.1,6.0,1.38,1.66,3.04,35.3,0.06,0.07,0.13,1.56,1.46,1.02,0.27
505,Eriksen,Man Utd,Midfielder,52.0,24.0,112.6,264.9,24.0,40.2,3.0,0.12,1.56,1.68,11.86,0.02,0.22,0.24,1.69,1.14,1.0,0.43
506,Evans,Man Utd,Defender,44.0,14.0,51.0,4.1,6.0,6.1,1.0,0.08,0.02,0.1,2.62,0.02,0.01,0.03,0.82,0.62,0.94,0.31
507,Garnacho,Man Utd,Midfielder,59.0,61.0,240.6,273.9,561.0,106.7,3.0,5.19,1.27,6.46,23.18,0.36,0.09,0.45,1.59,1.58,0.89,0.21
510,Højlund,Man Utd,Forward,69.0,44.0,101.4,165.4,171.0,43.3,2.0,2.27,0.79,3.06,18.78,0.18,0.06,0.24,1.53,1.63,1.06,0.16
511,Lindelof,Man Utd,Defender,43.0,4.0,18.0,15.5,4.0,3.8,0.0,0.0,0.04,0.04,1.38,0.0,0.06,0.06,2.11,1.53,0.0,0.0
512,Maguire,Man Utd,Defender,49.0,24.0,219.0,66.1,76.0,36.3,2.0,0.61,0.2,0.81,16.37,0.05,0.02,0.07,1.36,1.41,1.0,0.17
513,Mainoo,Man Utd,Midfielder,52.0,32.0,154.8,211.9,99.0,46.9,5.0,0.6,1.22,1.82,19.84,0.04,0.09,0.13,1.39,1.4,1.05,0.35
514,Malacia,Man Utd,Defender,44.0,2.0,5.2,13.9,0.0,1.7,0.0,0.0,0.02,0.02,0.78,0.0,0.02,0.02,0.71,0.91,1.82,0.0
515,Martinez,Man Utd,Defender,44.0,68.0,426.6,153.9,158.0,73.8,6.0,1.33,1.21,2.54,30.17,0.07,0.06,0.13,1.55,1.39,1.03,0.31
516,McTominay,Man Utd,Midfielder,49.0,2.0,3.2,0.3,5.0,0.9,0.0,0.07,0.0,0.07,0.66,0.37,0.0,0.37,3.49,5.29,0.0,0.0
517,Mount,Man Utd,Midfielder,63.0,8.0,20.8,55.2,43.0,11.8,1.0,0.4,0.08,0.48,4.08,0.15,0.03,0.18,1.51,1.48,1.48,0.37
518,Onana,Man Utd,Goalkeeper,50.0,83.0,502.6,13.0,0.0,51.6,7.0,0.0,0.19,0.19,36.86,0.0,0.01,0.01,1.54,1.42,1.0,0.29
520,Shaw,Man Utd,Defender,49.0,2.0,16.6,2.6,0.0,2.0,0.0,0.0,0.01,0.01,0.5,0.0,0.01,0.01,0.66,0.0,0.0,0.0
521,Zirkzee,Man Utd,Forward,65.0,52.0,199.0,157.8,246.0,60.0,3.0,3.09,0.83,3.92,16.32,0.32,0.09,0.41,1.69,1.55,0.83,0.31
522,Yoro,Man Utd,Defender,43.0,10.0,96.4,10.0,46.0,15.3,0.0,0.7,0.03,0.73,10.83,0.12,0.0,0.12,1.8,2.17,0.83,0.0
523,De Ligt,Man Utd,Defender,49.0,48.0,313.0,59.2,203.0,57.9,3.0,1.79,0.15,1.94,28.92,0.1,0.01,0.11,1.68,1.57,1.05,0.17
524,Mazraoui,Man Utd,Defender,43.0,61.0,373.6,183.4,86.0,64.2,5.0,0.46,1.2,1.66,32.76,0.02,0.06,0.08,1.61,1.38,1.08,0.25
525,Collyer,Man Utd,Midfielder,45.0,4.0,25.8,18.0,2.0,4.6,0.0,0.0,0.02,0.02,1.88,0.0,0.01,0.01,1.4,1.49,0.0,0.0
527,Ugarte,Man Utd,Midfielder,49.0,21.0,170.0,114.9,41.0,32.4,2.0,0.36,0.46,0.82,18.12,0.03,0.04,0.07,1.52,1.43,1.09,0.17
533,Amorim,Man Utd,Manager,8.0,9.0,0.0,0.0,0.0,0.0,0.0,0.0,0.0,0.0,0.0,0.0,0.0,0.0,0.0,0.0,0.0,0.0
537,Almirón,Newcastle,Midfielder,54.0,10.0,15.2,40.9,57.0,11.3,0.0,0.52,0.19,0.71,3.67,0.31,0.11,0.42,2.2,1.8,0.6,0.0
538,Barnes,Newcastle,Midfielder,59.0,65.0,255.8,176.2,297.0,73.1,1.0,2.41,2.62,5.03,12.57,0.28,0.31,0.59,1.46,1.51,0.7,0.12
539,Botman,Newcastle,Defender,44.0,7.0,41.8,2.6,13.0,5.8,1.0,0.03,0.02,0.05,3.56,0.01,0.01,0.02,1.42,1.2,1.2,0.4
540,Bruno G.,Newcastle,Midfielder,61.0,87.0,474.6,544.4,209.0,123.0,8.0,2.25,4.07,6.32,29.03,0.1,0.18,0.28,1.25,1.16,1.03,0.34
541,Burn,Newcastle,Defender,44.0,66.0,413.0,44.9,168.0,62.7,8.0,1.1,0.69,1.79,28.83,0.05,0.03,0.08,1.25,1.17,1.0,0.35
542,Dúbravka,Newcastle,Goalkeeper,43.0,43.0,196.4,0.0,0.0,19.6,5.0,0.0,0.0,0.0,9.29,0.0,0.0,0.0,1.03,0.89,1.0,0.56
543,Gordon,Newcastle,Midfielder,76.0,107.0,508.2,710.0,600.0,181.9,9.0,7.52,4.34,11.86,24.23,0.36,0.21,0.57,1.18,1.07,1.07,0.44
544,Hall,Newcastle,Defender,51.0,92.0,463.8,487.6,124.0,107.8,8.0,0.43,3.41,3.84,23.95,0.02,0.16,0.18,1.12,1.03,0.99,0.38
546,Isak,Newcastle,Forward,95.0,152.0,795.8,463.7,905.0,216.0,7.0,14.08,3.11,17.19,24.87,0.7,0.16,0.86,1.24,1.35,1.1,0.35
547,J.Murphy,Newcastle,Midfielder,51.0,88.0,399.6,383.7,274.0,105.5,6.0,2.59,3.58,6.17,15.42,0.17,0.24,0.41,1.04,1.08,1.14,0.4
548,Joelinton,Newcastle,Midfielder,60.0,76.0,388.4,317.2,396.0,110.4,7.0,3.43,1.67,5.1,25.35,0.16,0.08,0.24,1.19,1.22,1.08,0.33
549,Kelly,Newcastle,Defender,42.0,12.0,80.6,29.0,20.0,12.6,0.0,0.41,0.11,0.52,5.72,0.12,0.03,0.15,1.72,1.81,1.2,0.0
550,Krafth,Newcastle,Defender,43.0,10.0,44.2,10.9,11.0,6.6,1.0,0.04,0.03,0.07,5.07,0.02,0.01,0.03,1.9,0.75,0.75,0.38
554,Livramento,Newcastle,Defender,45.0,56.0,319.8,168.8,49.0,53.8,5.0,0.13,0.54,0.67,23.57,0.01,0.03,0.04,1.29,1.37,1.04,0.27
555,Longstaff,Newcastle,Midfielder,45.0,27.0,92.0,75.5,76.0,24.4,2.0,0.6,0.22,0.82,9.3,0.08,0.03,0.11,1.18,1.26,1.01,0.25
556,Miley,Newcastle,Midfielder,50.0,5.0,8.0,4.4,0.0,1.3,0.0,0.0,0.02,0.02,0.89,0.0,0.06,0.06,2.5,0.0,0.0,0.0
558,Pope,Newcastle,Goalkeeper,49.0,48.0,392.4,0.0,0.0,39.1,3.0,0.0,0.0,0.0,20.45,0.0,0.0,0.0,1.36,1.4,1.0,0.2
560,Schär,Newcastle,Defender,54.0,58.0,421.8,65.4,160.0,64.3,6.0,1.7,0.77,2.47,20.94,0.09,0.04,0.13,1.11,1.28,1.01,0.32
561,Targett,Newcastle,Defender,40.0,1.0,2.4,1.0,0.0,0.3,0.0,0.0,0.0,0.0,0.19,0.0,0.0,0.0,1.42,0.0,0.0,0.0
562,Tonali,Newcastle,Midfielder,55.0,48.0,255.8,191.3,188.0,63.5,6.0,3.15,1.13,4.28,19.31,0.19,0.07,0.26,1.19,1.11,0.93,0.37
563,Trippier,Newcastle,Defender,56.0,25.0,87.6,113.8,13.0,21.5,2.0,0.03,0.51,0.54,7.26,0.01,0.09,0.1,1.23,1.18,0.85,0.34
565,Willock,Newcastle,Midfielder,47.0,29.0,93.6,184.5,110.0,38.5,3.0,0.87,0.67,1.54,9.53,0.13,0.1,0.23,1.41,1.03,0.89,0.44
566,Wilson,Newcastle,Forward,69.0,3.0,2.0,1.7,8.0,1.1,0.0,0.0,0.0,0.0,1.17,0.0,0.0,0.0,1.85,3.16,0.0,0.0
568,Osula,Newcastle,Forward,49.0,9.0,5.2,10.4,4.0,2.0,0.0,0.0,0.02,0.02,1.52,0.0,0.04,0.04,3.11,6.14,0.0,0.0
569,Howe,Newcastle,Manager,15.0,10.0,0.0,0.0,0.0,0.0,0.0,0.0,0.0,0.0,0.0,0.0,0.0,0.0,0.0,0.0,0.0,0.0
570,Alex Moreno,Nott'm Forest,Defender,42.0,31.0,165.8,83.8,27.0,27.6,3.0,0.17,0.82,0.99,11.4,0.02,0.09,0.11,1.26,1.66,1.11,0.33
571,Aina,Nott'm Forest,Defender,54.0,108.0,437.4,173.4,65.0,67.5,10.0,0.56,1.34,1.9,25.3,0.02,0.06,0.08,1.09,1.04,1.04,0.43
572,Anderson,Nott'm Forest,Midfielder,50.0,69.0,413.2,453.0,201.0,106.9,9.0,1.09,2.8,3.89,19.52,0.06,0.16,0.22,1.13,1.16,1.1,0.52
573,Awoniyi,Nott'm Forest,Forward,55.0,24.0,56.0,36.0,113.0,19.8,0.0,2.04,0.11,2.15,4.3,0.75,0.04,0.79,1.58,2.2,0.73,0.0
574,Boly,Nott'm Forest,Defender,42.0,5.0,42.8,0.2,17.0,6.0,0.0,0.07,0.0,0.07,1.9,0.05,0.0,0.05,1.31,0.69,0.69,0.0
577,Da Silva Moreira,Nott'm Forest,Midfielder,44.0,2.0,5.2,0.3,0.0,0.6,0.0,0.0,0.0,0.0,0.31,0.0,0.0,0.0,1.0,0.0,0.0,0.0
578,Danilo,Nott'm Forest,Midfielder,47.0,4.0,6.2,0.7,0.0,0.7,1.0,0.0,0.0,0.0,0.96,0.0,0.0,0.0,1.11,0.0,2.31,1.15
580,Dominguez,Nott'm Forest,Midfielder,48.0,27.0,205.8,129.5,131.0,46.6,3.0,1.22,0.89,2.11,16.45,0.1,0.07,0.17,1.33,1.29,0.97,0.24
581,Elanga,Nott'm Forest,Midfielder,53.0,92.0,379.0,476.6,341.0,120.0,8.0,2.58,3.39,5.97,19.64,0.16,0.21,0.37,1.21,1.18,1.11,0.49
582,Gibbs-White,Nott'm Forest,Midfielder,64.0,95.0,431.0,490.8,440.0,136.3,9.0,3.39,3.69,7.08,18.38,0.19,0.21,0.4,1.05,0.97,1.15,0.52
583,Hudson-Odoi,Nott'm Forest,Midfielder,52.0,70.0,300.4,484.5,266.0,104.7,8.0,1.92,1.84,3.76,15.64,0.11,0.11,0.22,0.92,0.77,1.06,0.47
585,Murillo,Nott'm Forest,Defender,47.0,86.0,579.4,152.4,140.0,87.3,9.0,1.08,0.89,1.97,25.89,0.05,0.04,0.09,1.15,1.2,1.02,0.4
586,N.Williams,Nott'm Forest,Defender,44.0,67.0,315.8,129.6,154.0,60.1,7.0,1.5,0.51,2.01,15.36,0.1,0.03,0.13,1.04,0.81,0.95,0.47
591,Sangaré,Nott'm Forest,Midfielder,43.0,8.0,54.0,26.6,21.0,10.1,1.0,0.02,0.06,0.08,2.18,0.01,0.02,0.03,0.89,0.82,1.23,0.41
592,Sels,Nott'm Forest,Goalkeeper,50.0,107.0,593.2,0.1,0.0,59.7,10.0,0.0,0.06,0.06,27.03,0.0,0.0,0.0,1.13,1.12,1.0,0.42
593,Toffolo,Nott'm Forest,Defender,42.0,3.0,18.2,3.3,6.0,2.8,0.0,0.02,0.01,0.03,0.74,0.04,0.02,0.06,1.48,2.0,0.0,0.0
595,Wood,Nott'm Forest,Forward,71.0,154.0,660.0,176.9,657.0,149.7,11.0,10.17,0.36,10.53,22.75,0.48,0.02,0.5,1.07,1.08,1.08,0.52
597,Yates,Nott'm Forest,Midfielder,49.0,46.0,212.4,171.1,194.0,57.9,5.0,1.74,0.4,2.14,18.56,0.11,0.02,0.13,1.15,1.12,0.93,0.31
598,Milenković,Nott'm Forest,Defender,48.0,92.0,425.8,50.1,237.0,71.0,10.0,3.1,0.52,3.62,25.81,0.13,0.02,0.15,1.12,1.13,1.0,0.43
599,Jota Silva,Nott'm Forest,Midfielder,59.0,35.0,144.2,169.5,153.0,46.8,1.0,1.01,1.81,2.82,9.7,0.13,0.23,0.36,1.26,1.82,0.52,0.13
600,Sosa,Nott'm Forest,Midfielder,55.0,20.0,77.2,88.0,94.0,25.8,1.0,1.04,0.3,1.34,2.66,0.41,0.12,0.53,1.05,1.97,0.39,0.39
601,Morato,Nott'm Forest,Defender,45.0,32.0,140.2,4.1,5.0,15.0,3.0,0.1,0.01,0.11,6.32,0.02,0.0,0.02,1.09,0.69,0.52,0.52
604,Nuno,Nott'm Forest,Manager,11.0,15.0,0.0,0.0,0.0,0.0,0.0,0.0,0.0,0.0,0.0,0.0,0.0,0.0,0.0,0.0,0.0,0.0
605,Ramsdale,Southampton,Goalkeeper,44.0,49.0,492.4,0.0,0.0,49.3,2.0,0.0,0.03,0.03,36.76,0.0,0.0,0.0,2.3,2.12,1.0,0.12
606,Archer,Southampton,Forward,50.0,40.0,95.6,58.2,274.0,42.7,1.0,4.42,0.53,4.95,28.51,0.38,0.05,0.43,2.48,2.08,0.87,0.09
607,Ugochukwu,Southampton,Midfielder,44.0,20.0,128.4,85.8,25.0,23.9,0.0,0.33,0.2,0.53,21.69,0.04,0.02,0.06,2.63,2.43,0.85,0.0
608,Fraser,Southampton,Midfielder,48.0,7.0,35.8,26.8,13.0,6.7,0.0,0.02,0.1,0.12,10.39,0.01,0.03,0.04,3.09,3.56,1.19,0.0
609,Amo-Ameyaw,Southampton,Midfielder,44.0,1.0,4.0,16.1,6.0,2.6,0.0,0.02,0.13,0.15,1.11,0.07,0.45,0.52,3.84,0.0,0.0,0.0
610,Aribo,Southampton,Midfielder,49.0,57.0,289.8,243.5,220.0,75.5,1.0,2.54,1.13,3.67,42.37,0.16,0.07,0.23,2.61,2.28,0.92,0.06
611,Armstrong,Southampton,Forward,51.0,45.0,154.4,143.7,262.0,56.0,2.0,3.28,0.56,3.84,33.47,0.24,0.04,0.28,2.42,2.53,1.08,0.14
613,Bednarek,Southampton,Defender,40.0,44.0,559.0,63.3,67.0,68.8,2.0,0.65,0.78,1.43,43.82,0.03,0.04,0.07,2.21,2.12,1.01,0.1
615,Bree,Southampton,Defender,39.0,14.0,149.8,139.6,39.0,32.7,0.0,0.09,0.52,0.61,20.19,0.01,0.07,0.08,2.75,2.45,1.09,0.0
617,Edozie,Southampton,Midfielder,49.0,1.0,9.8,19.0,22.0,5.1,0.0,0.0,0.15,0.15,0.31,0.0,0.21,0.21,0.44,0.0,0.0,0.0
618,Edwards,Southampton,Defender,39.0,1.0,5.0,0.1,0.0,0.5,0.0,0.0,0.0,0.0,0.32,0.0,0.0,0.0,2.4,7.5,0.0,0.0
619,Harwood-Bellis,Southampton,Defender,40.0,39.0,503.4,167.3,173.0,84.6,2.0,1.55,0.5,2.05,47.82,0.07,0.02,0.09,2.27,2.14,1.05,0.1
620,Kamaldeen,Southampton,Midfielder,50.0,16.0,35.6,31.3,72.0,13.7,0.0,0.38,0.17,0.55,10.55,0.11,0.05,0.16,3.19,3.02,0.91,0.0
621,Lallana,Southampton,Midfielder,50.0,16.0,78.0,82.2,21.0,18.1,0.0,0.15,0.48,0.63,7.03,0.04,0.13,0.17,1.9,1.89,1.35,0.0
624,Lumley,Southampton,Goalkeeper,40.0,8.0,102.2,0.0,0.0,10.2,0.0,0.0,0.0,0.0,9.4,0.0,0.0,0.0,3.13,2.33,1.0,0.0
625,Manning,Southampton,Defender,43.0,15.0,156.8,240.8,47.0,44.3,0.0,0.14,1.59,1.73,23.22,0.02,0.19,0.21,2.75,2.49,1.18,0.0
627,McCarthy,Southampton,Goalkeeper,43.0,12.0,166.4,0.0,0.0,16.7,0.0,0.0,0.0,0.0,11.22,0.0,0.0,0.0,2.24,2.6,1.0,0.0
628,Onuachu,Southampton,Forward,49.0,26.0,111.6,74.0,248.0,43.2,0.0,1.67,0.14,1.81,14.97,0.28,0.02,0.3,2.5,2.34,1.0,0.0
629,Smallbone,Southampton,Midfielder,50.0,10.0,28.6,59.2,32.0,11.9,0.0,0.31,0.54,0.85,7.49,0.09,0.15,0.24,2.13,2.28,0.85,0.0
630,Stephens,Southampton,Defender,40.0,11.0,127.4,51.6,17.0,19.6,1.0,0.28,0.2,0.48,19.2,0.03,0.02,0.05,2.15,2.24,1.12,0.11
631,Stewart,Southampton,Forward,44.0,3.0,5.8,6.7,9.0,2.1,0.0,0.17,0.02,0.19,2.56,0.12,0.01,0.13,1.77,1.38,0.69,0.0
632,Sugawara,Southampton,Defender,42.0,36.0,246.6,250.6,79.0,57.5,2.0,0.37,1.81,2.18,30.03,0.03,0.14,0.17,2.33,2.33,1.01,0.16
633,Taylor,Southampton,Defender,39.0,5.0,72.6,26.5,2.0,10.2,0.0,0.0,0.1,0.1,7.61,0.0,0.03,0.03,2.6,3.42,0.68,0.0
634,Walker-Peters,Southampton,Defender,43.0,40.0,357.4,309.6,180.0,84.4,2.0,0.49,2.03,2.51,54.21,0.02,0.09,0.11,2.49,2.3,1.01,0.09
635,Wood,Southampton,Defender,40.0,13.0,93.6,18.9,14.0,12.8,1.0,0.23,0.04,0.27,16.07,0.04,0.01,0.05,2.51,2.18,0.94,0.16
636,Cornet,Southampton,Midfielder,47.0,1.0,11.6,3.5,7.0,2.2,0.0,0.16,0.0,0.16,1.79,0.2,0.0,0.2,2.27,5.07,1.27,0.0
637,Downes,Southampton,Midfielder,47.0,32.0,199.4,228.7,109.0,53.9,2.0,0.62,1.14,1.76,33.6,0.04,0.07,0.11,2.11,2.26,1.07,0.13
638,Brereton Díaz,Southampton,Midfielder,48.0,13.0,21.8,63.6,81.0,16.8,0.0,0.9,0.15,1.05,11.43,0.18,0.03,0.21,2.31,2.02,0.81,0.0
639,Dibling,Southampton,Midfielder,45.0,45.0,191.2,248.9,227.0,66.7,2.0,2.12,1.1,3.22,31.68,0.16,0.08,0.24,2.33,2.28,1.03,0.15
640,M.Fernandes,Southampton,Midfielder,50.0,52.0,320.4,438.0,284.0,104.4,4.0,3.15,2.47,5.62,43.97,0.16,0.13,0.29,2.27,1.91,1.03,0.21
642,Welington,Southampton,Defender,40.0,1.0,28.6,39.2,2.0,7.0,0.0,0.0,0.13,0.13,1.84,0.0,0.15,0.15,2.07,1.12,1.12,0.0
644,Grønbæk,Southampton,Midfielder,50.0,2.0,12.6,1.1,9.0,2.3,0.0,0.12,0.0,0.12,1.51,0.16,0.0,0.16,1.97,1.3,1.3,0.0
645,Jurić,Southampton,Manager,5.0,9.0,0.0,0.0,0.0,0.0,0.0,0.0,0.0,0.0,0.0,0.0,0.0,0.0,0.0,0.0,0.0,0.0
646,Solanke,Spurs,Forward,74.0,83.0,396.2,168.4,581.0,113.6,3.0,8.43,1.08,9.51,30.07,0.47,0.06,0.53,1.69,1.63,1.01,0.17
648,Austin,Spurs,Goalkeeper,40.0,1.0,20.0,0.0,0.0,2.0,0.0,0.0,0.0,0.0,2.53,0.0,0.0,0.0,2.53,2.0,1.0,0.0
649,Bentancur,Spurs,Midfielder,49.0,32.0,194.4,118.4,92.0,40.6,2.0,0.87,0.67,1.54,13.38,0.09,0.07,0.16,1.39,1.46,1.14,0.21
650,Bergvall,Spurs,Midfielder,44.0,20.0,130.6,118.4,23.0,27.1,1.0,0.24,0.5,0.74,13.11,0.04,0.08,0.12,1.98,1.81,0.75,0.15
651,Bissouma,Spurs,Midfielder,48.0,41.0,223.8,107.0,44.0,37.7,3.0,0.44,0.42,0.86,19.36,0.04,0.04,0.08,1.69,1.57,1.05,0.26
653,Davies,Spurs,Defender,43.0,18.0,145.4,9.3,8.0,16.4,2.0,0.07,0.17,0.24,10.71,0.01,0.03,0.04,1.78,1.17,1.0,0.33
655,Dragusin,Spurs,Defender,43.0,24.0,256.4,58.1,47.0,36.2,2.0,0.13,0.16,0.29,28.59,0.01,0.01,0.02,2.06,2.09,1.01,0.14
657,Forster,Spurs,Goalkeeper,43.0,19.0,221.0,0.0,0.0,22.2,1.0,0.0,0.0,0.0,14.8,0.0,0.0,0.0,2.11,2.14,1.0,0.14
658,Gray,Spurs,Midfielder,46.0,27.0,164.8,18.5,11.0,19.4,2.0,0.03,0.09,0.12,21.07,0.0,0.01,0.01,1.97,1.87,0.93,0.19
660,Johnson,Spurs,Midfielder,62.0,89.0,380.2,215.7,614.0,120.4,2.0,8.41,1.18,9.59,25.43,0.51,0.07,0.58,1.54,1.27,0.97,0.12
661,Kulusevski,Spurs,Midfielder,64.0,97.0,529.8,765.1,625.0,191.7,5.0,3.54,3.81,7.35,36.45,0.16,0.18,0.34,1.68,1.57,1.02,0.23
663,Maddison,Spurs,Midfielder,74.0,102.0,534.2,471.4,424.0,142.7,4.0,4.66,4.49,9.15,23.17,0.32,0.31,0.63,1.61,1.46,1.04,0.28
664,Pedro Porro,Spurs,Defender,54.0,83.0,593.0,582.3,179.0,135.5,5.0,1.5,2.95,4.45,37.17,0.07,0.13,0.2,1.68,1.59,0.95,0.23
665,Reguilón,Spurs,Defender,42.0,1.0,20.8,20.2,11.0,5.2,0.0,0.07,0.24,0.31,1.18,0.05,0.18,0.23,0.88,0.74,0.0,0.0
666,Richarlison,Spurs,Forward,68.0,20.0,119.8,54.8,116.0,29.0,1.0,1.17,0.58,1.75,4.36,0.38,0.19,0.57,1.43,0.65,0.65,0.33
667,Romero,Spurs,Defender,49.0,35.0,249.6,95.1,140.0,48.7,2.0,1.03,0.74,1.77,12.86,0.1,0.07,0.17,1.19,1.2,1.11,0.18
668,P.M.Sarr,Spurs,Midfielder,48.0,49.0,288.2,173.3,151.0,60.9,2.0,2.42,0.5,2.92,25.23,0.17,0.04,0.21,1.82,1.88,1.08,0.14
669,Scarlett,Spurs,Forward,44.0,1.0,0.0,1.0,0.0,0.1,0.0,0.0,0.0,0.0,0.46,0.0,0.0,0.0,3.76,0.0,0.0,0.0
671,Son,Spurs,Midfielder,98.0,104.0,516.2,543.8,521.0,158.2,3.0,5.2,3.9,9.1,29.88,0.3,0.22,0.52,1.7,1.59,1.08,0.17
672,Spence,Spurs,Defender,44.0,22.0,177.0,106.9,28.0,31.2,2.0,0.15,0.61,0.76,15.19,0.02,0.08,0.1,2.01,1.85,0.93,0.26
673,Udogie,Spurs,Defender,48.0,37.0,248.6,211.3,116.0,57.7,2.0,0.31,1.1,1.41,23.5,0.02,0.07,0.09,1.48,1.32,1.13,0.13
674,Van de Ven,Spurs,Defender,45.0,28.0,161.0,36.6,40.0,23.8,2.0,0.35,0.69,1.04,9.79,0.04,0.08,0.12,1.12,1.26,1.03,0.23
676,Vicario,Spurs,Goalkeeper,48.0,37.0,260.4,0.0,0.0,25.9,3.0,0.0,0.0,0.0,15.25,0.0,0.0,0.0,1.27,1.08,1.0,0.25
677,Werner,Spurs,Midfielder,62.0,33.0,114.4,147.5,113.0,37.0,1.0,1.04,1.54,2.58,11.36,0.19,0.28,0.47,2.06,2.18,0.73,0.18
679,Lankshear,Spurs,Forward,45.0,3.0,0.0,0.0,0.0,0.0,0.0,0.0,0.0,0.0,0.02,0.0,0.0,0.0,0.18,0.0,0.0,0.0
680,Moore,Spurs,Midfielder,45.0,14.0,23.4,42.7,30.0,9.4,0.0,0.2,0.55,0.75,1.96,0.1,0.28,0.38,0.98,0.5,1.0,0.0
681,Odobert,Spurs,Midfielder,53.0,6.0,10.0,40.5,42.0,9.2,1.0,0.42,0.08,0.5,1.63,0.24,0.04,0.28,0.92,0.56,1.12,0.56
685,Dorrington,Spurs,Defender,40.0,1.0,1.0,0.2,0.0,0.1,0.0,0.0,0.0,0.0,0.04,0.0,0.0,0.0,0.28,0.0,0.0,0.0
687,Kinsky,Spurs,Goalkeeper,45.0,12.0,102.6,10.1,0.0,11.2,1.0,0.0,0.01,0.01,7.02,0.0,0.0,0.0,1.76,1.75,1.0,0.25
690,Postecoglou,Spurs,Manager,11.0,11.0,0.0,0.0,0.0,0.0,0.0,0.0,0.0,0.0,0.0,0.0,0.0,0.0,0.0,0.0,0.0,0.0
694,Ferguson,West Ham,Forward,55.0,20.0,58.6,36.0,59.0,15.0,1.0,0.57,0.4,0.97,5.06,0.22,0.15,0.37,1.95,2.69,0.77,0.38
695,Wan-Bissaka,West Ham,Defender,45.0,63.0,479.8,336.8,115.0,93.2,3.0,0.97,1.58,2.55,38.82,0.04,0.07,0.11,1.76,2.0,1.0,0.14
696,Álvarez,West Ham,Midfielder,50.0,25.0,206.2,164.1,41.0,41.1,1.0,0.31,0.7,1.01,21.37,0.02,0.05,0.07,1.57,1.91,1.03,0.07
697,Antonio,West Ham,Forward,53.0,42.0,72.0,139.5,194.0,39.5,4.0,2.2,0.91,3.11,17.83,0.24,0.1,0.34,1.92,1.94,1.19,0.43
698,Areola,West Ham,Goalkeeper,42.0,24.0,301.2,0.0,0.0,30.2,1.0,0.0,0.0,0.0,19.8,0.0,0.0,0.0,1.64,2.15,0.99,0.08
699,Bowen,West Ham,Midfielder,73.0,100.0,505.6,548.2,661.0,171.2,4.0,5.0,4.7,9.7,34.43,0.26,0.24,0.5,1.77,1.8,1.03,0.21
700,Coufal,West Ham,Defender,41.0,18.0,151.0,104.5,35.0,28.7,1.0,0.27,0.8,1.06,13.93,0.03,0.1,0.13,1.72,1.85,0.99,0.12
701,Cresswell,West Ham,Defender,39.0,9.0,40.4,78.8,5.0,12.4,0.0,0.1,0.5,0.6,4.79,0.03,0.16,0.19,1.49,1.24,0.93,0.0
703,Emerson,West Ham,Defender,44.0,57.0,341.2,275.9,147.0,76.4,4.0,1.58,1.88,3.46,30.56,0.09,0.1,0.19,1.69,1.99,1.16,0.22
704,Fabianski,West Ham,Goalkeeper,41.0,36.0,362.2,0.3,0.0,36.1,2.0,0.0,0.0,0.0,21.99,0.0,0.0,0.0,1.85,1.68,1.01,0.17
706,Ings,West Ham,Forward,50.0,31.0,96.8,75.7,157.0,33.1,0.0,2.21,0.06,2.27,4.87,0.75,0.02,0.77,1.66,1.36,0.34,0.0
707,Kilman,West Ham,Defender,43.0,46.0,521.0,134.6,122.0,78.1,3.0,1.44,0.73,2.17,40.94,0.06,0.03,0.09,1.76,1.98,1.03,0.13
708,Kudus,West Ham,Midfielder,62.0,59.0,292.6,333.5,499.0,112.4,3.0,4.7,1.79,6.49,28.47,0.27,0.1,0.37,1.64,1.9,1.09,0.17
709,L.Guilherme,West Ham,Midfielder,46.0,6.0,14.0,34.6,4.0,5.2,0.0,0.03,0.12,0.15,1.35,0.06,0.22,0.28,2.53,3.75,0.0,0.0
710,L.Paquetá,West Ham,Midfielder,57.0,64.0,317.6,391.5,219.0,92.5,3.0,4.79,2.0,6.79,32.43,0.27,0.11,0.38,1.82,2.13,1.06,0.17
711,Mavropanos,West Ham,Defender,43.0,30.0,342.2,59.8,126.0,52.9,2.0,0.96,0.37,1.33,27.71,0.06,0.02,0.08,1.78,1.86,0.96,0.13
713,Souček,West Ham,Midfielder,49.0,76.0,407.6,189.7,373.0,96.4,4.0,3.77,1.17,4.94,30.04,0.2,0.06,0.26,1.59,1.74,1.0,0.21
714,Ward-Prowse,West Ham,Midfielder,61.0,15.0,65.0,71.5,11.0,14.8,1.0,0.06,0.79,0.85,5.64,0.01,0.17,0.18,1.23,1.75,1.09,0.22
716,Irving,West Ham,Midfielder,48.0,8.0,37.2,26.1,19.0,8.2,0.0,0.12,0.12,0.24,4.21,0.07,0.07,0.14,2.37,2.25,0.56,0.0
717,Summerville,West Ham,Midfielder,55.0,33.0,156.4,246.1,186.0,58.7,2.0,1.61,1.71,3.32,17.58,0.19,0.2,0.39,2.04,2.32,0.81,0.23
718,G.Rodríguez,West Ham,Midfielder,48.0,28.0,168.6,62.1,23.0,25.5,3.0,0.22,0.12,0.34,18.28,0.02,0.01,0.03,1.62,1.6,1.24,0.27
719,Füllkrug,West Ham,Forward,67.0,22.0,99.0,84.8,113.0,29.4,1.0,1.38,0.29,1.67,7.37,0.34,0.07,0.41,1.81,2.7,0.74,0.25
720,Todibo,West Ham,Defender,42.0,24.0,194.0,25.2,16.0,23.5,2.0,0.1,0.02,0.12,16.24,0.01,0.0,0.01,1.69,2.09,0.83,0.21
721,Casey,West Ham,Defender,40.0,1.0,2.0,0.0,0.0,0.2,0.0,0.0,0.0,0.0,0.09,0.0,0.0,0.0,8.1,0.0,0.0,0.0
722,C.Soler,West Ham,Midfielder,50.0,34.0,119.0,195.6,127.0,44.0,2.0,1.21,1.19,2.4,20.14,0.11,0.11,0.22,1.84,1.74,1.01,0.18
723,Scarles,West Ham,Defender,40.0,6.0,22.6,3.2,4.0,3.0,0.0,0.0,0.01,0.01,3.26,0.0,0.01,0.01,2.64,2.43,0.0,0.0
725,Orford,West Ham,Midfielder,45.0,2.0,6.4,27.7,6.0,4.0,0.0,0.03,0.04,0.07,1.21,0.06,0.08,0.14,2.32,1.91,0.0,0.0
726,Potter,West Ham,Manager,5.0,10.0,0.0,0.0,0.0,0.0,0.0,0.0,0.0,0.0,0.0,0.0,0.0,0.0,0.0,0.0,0.0,0.0
727,Johnstone,Wolves,Goalkeeper,42.0,12.0,193.8,10.0,0.0,20.4,0.0,0.0,0.0,0.0,12.98,0.0,0.0,0.0,1.85,2.43,1.0,0.0
728,Aït-Nouri,Wolves,Defender,47.0,68.0,486.4,306.4,237.0,103.2,3.0,1.59,1.5,3.09,36.9,0.07,0.07,0.14,1.7,2.35,1.06,0.14
730,Bellegarde,Wolves,Midfielder,49.0,49.0,183.4,177.6,115.0,47.1,3.0,0.82,1.04,1.86,17.11,0.08,0.1,0.18,1.64,2.01,1.05,0.29
732,Chiquinho,Wolves,Midfielder,45.0,1.0,3.0,14.3,2.0,1.9,0.0,0.0,0.05,0.05,0.0,0.0,0.75,0.75,0.0,0.0,0.0,0.0
736,Cunha,Wolves,Forward,68.0,123.0,678.6,567.6,625.0,187.2,4.0,5.29,3.95,9.24,33.65,0.25,0.19,0.44,1.62,2.16,1.01,0.19
737,Dawson,Wolves,Defender,43.0,17.0,204.2,31.3,55.0,29.1,1.0,0.5,0.07,0.57,18.56,0.05,0.01,0.06,1.72,2.32,0.93,0.09
738,Doherty,Wolves,Defender,43.0,43.0,317.8,134.7,119.0,57.2,3.0,1.04,0.68,1.72,18.62,0.08,0.05,0.13,1.45,2.18,1.01,0.23
739,Doyle,Wolves,Midfielder,48.0,23.0,103.6,99.2,28.0,23.3,0.0,0.48,0.34,0.82,9.52,0.1,0.07,0.17,1.9,2.0,0.6,0.0
743,Guedes,Wolves,Midfielder,53.0,52.0,197.8,150.8,152.0,49.9,3.0,2.18,0.54,2.72,12.45,0.29,0.07,0.36,1.64,2.11,0.79,0.4
745,Hee Chan,Wolves,Midfielder,61.0,33.0,109.6,69.7,78.0,25.6,0.0,0.79,0.35,1.14,10.94,0.12,0.05,0.17,1.62,2.51,0.74,0.0
748,J.Gomes,Wolves,Midfielder,49.0,57.0,334.8,270.0,124.0,72.8,3.0,1.6,1.96,3.56,33.55,0.08,0.1,0.18,1.63,2.24,1.07,0.15
749,José Sá,Wolves,Goalkeeper,43.0,49.0,372.0,20.0,0.0,39.1,4.0,0.0,0.01,0.01,26.65,0.0,0.0,0.0,1.57,2.06,1.0,0.24
752,Mario Jr.,Wolves,Midfielder,48.0,47.0,356.8,166.7,120.0,64.4,1.0,1.3,0.87,2.17,27.26,0.09,0.06,0.15,1.8,2.58,0.99,0.07
753,Mosquera,Wolves,Defender,38.0,3.0,110.2,27.3,21.0,16.0,0.0,0.33,0.03,0.36,5.63,0.07,0.01,0.08,1.15,2.45,1.02,0.0
754,N.Semedo,Wolves,Defender,45.0,44.0,350.0,240.8,85.0,67.7,4.0,0.58,0.98,1.56,30.77,0.03,0.05,0.08,1.63,1.8,1.01,0.21
756,Podence,Wolves,Midfielder,55.0,2.0,3.0,1.1,1.0,0.4,0.0,0.04,0.01,0.05,0.7,0.08,0.02,0.1,1.37,3.91,0.0,0.0
757,R.Gomes,Wolves,Midfielder,51.0,28.0,131.6,138.3,80.0,34.6,1.0,0.37,0.64,1.01,12.22,0.06,0.1,0.16,1.96,2.41,0.96,0.16
758,S.Bueno,Wolves,Defender,43.0,31.0,253.2,9.3,80.0,34.2,3.0,0.45,0.08,0.53,24.6,0.03,0.01,0.04,1.66,2.03,1.01,0.2
759,Sarabia,Wolves,Midfielder,50.0,21.0,99.6,96.4,122.0,31.9,1.0,2.3,0.82,3.12,7.6,0.49,0.17,0.66,1.62,1.7,1.06,0.21
760,Strand Larsen,Wolves,Forward,52.0,84.0,360.2,195.7,560.0,111.3,4.0,6.14,0.55,6.69,33.64,0.3,0.03,0.33,1.65,2.16,1.08,0.2
761,Toti,Wolves,Defender,43.0,41.0,298.4,57.6,25.0,38.1,4.0,0.03,0.37,0.4,22.93,0.0,0.02,0.02,1.53,1.86,1.06,0.27
763,André,Wolves,Midfielder,50.0,33.0,223.4,125.1,12.0,35.9,3.0,0.07,0.22,0.29,24.07,0.0,0.02,0.02,1.65,2.13,1.17,0.21
764,Forbs,Wolves,Midfielder,54.0,8.0,25.8,24.1,35.0,8.3,0.0,0.15,0.1,0.25,8.04,0.06,0.04,0.1,3.08,3.45,0.38,0.0
765,Pond,Wolves,Defender,39.0,1.0,0.0,0.0,0.0,0.0,0.0,0.0,0.0,0.0,0.0,0.0,0.0,0.0,0.0,0.0,0.0,0.0
768,Agbadou,Wolves,Defender,40.0,9.0,95.0,3.6,1.0,10.0,1.0,0.02,0.02,0.04,6.71,0.0,0.0,0.0,1.68,1.75,1.0,0.25
769,Pereira,Wolves,Manager,8.0,20.0,0.0,0.0,0.0,0.0,0.0,0.0,0.0,0.0,0.0,0.0,0.0,0.0,0.0,0.0,0.0,0.0
